"COUNTRY","Country","SERIES","Series","TIME","Time","Unit Code","Unit","PowerCode Code","PowerCode","Reference Period Code","Reference Period","Value","Flag Codes","Flags"
"AUS","Australia","EPRC_V1","Version 1 (1985-2013)","2008","2008","IDX","Index","0","Units",,,1.1666666,,
"AUS","Australia","EPRC_V1","Version 1 (1985-2013)","2009","2009","IDX","Index","0","Units",,,1.1666666,,
"AUS","Australia","EPRC_V1","Version 1 (1985-2013)","2010","2010","IDX","Index","0","Units",,,1.6666666,,
"AUS","Australia","EPRC_V1","Version 1 (1985-2013)","2011","2011","IDX","Index","0","Units",,,1.6666666,,
"AUS","Australia","EPRC_V1","Version 1 (1985-2013)","2012","2012","IDX","Index","0","Units",,,1.6666666,,
"AUS","Australia","EPRC_V1","Version 1 (1985-2013)","2013","2013","IDX","Index","0","Units",,,1.6666666,,
"AUT","Austria","EPRC_V1","Version 1 (1985-2013)","2008","2008","IDX","Index","0","Units",,,2.3690476,,
"AUT","Austria","EPRC_V1","Version 1 (1985-2013)","2009","2009","IDX","Index","0","Units",,,2.3690476,,
"AUT","Austria","EPRC_V1","Version 1 (1985-2013)","2010","2010","IDX","Index","0","Units",,,2.3690476,,
"AUT","Austria","EPRC_V1","Version 1 (1985-2013)","2011","2011","IDX","Index","0","Units",,,2.3690476,,
"AUT","Austria","EPRC_V1","Version 1 (1985-2013)","2012","2012","IDX","Index","0","Units",,,2.3690476,,
"AUT","Austria","EPRC_V1","Version 1 (1985-2013)","2013","2013","IDX","Index","0","Units",,,2.3690476,,
"BEL","Belgium","EPRC_V1","Version 1 (1985-2013)","2008","2008","IDX","Index","0","Units",,,1.8928572,,
"BEL","Belgium","EPRC_V1","Version 1 (1985-2013)","2009","2009","IDX","Index","0","Units",,,1.8928572,,
"BEL","Belgium","EPRC_V1","Version 1 (1985-2013)","2010","2010","IDX","Index","0","Units",,,2.0833333,,
"BEL","Belgium","EPRC_V1","Version 1 (1985-2013)","2011","2011","IDX","Index","0","Units",,,2.0833333,,
"BEL","Belgium","EPRC_V1","Version 1 (1985-2013)","2012","2012","IDX","Index","0","Units",,,1.8928572,,
"BEL","Belgium","EPRC_V1","Version 1 (1985-2013)","2013","2013","IDX","Index","0","Units",,,1.8928572,,
"CAN","Canada","EPRC_V1","Version 1 (1985-2013)","2008","2008","IDX","Index","0","Units",,,0.92063493,,
"CAN","Canada","EPRC_V1","Version 1 (1985-2013)","2009","2009","IDX","Index","0","Units",,,0.92063493,,
"CAN","Canada","EPRC_V1","Version 1 (1985-2013)","2010","2010","IDX","Index","0","Units",,,0.92063493,,
"CAN","Canada","EPRC_V1","Version 1 (1985-2013)","2011","2011","IDX","Index","0","Units",,,0.92063493,,
"CAN","Canada","EPRC_V1","Version 1 (1985-2013)","2012","2012","IDX","Index","0","Units",,,0.92063493,,
"CAN","Canada","EPRC_V1","Version 1 (1985-2013)","2013","2013","IDX","Index","0","Units",,,0.92063493,,
"CZE","Czech Republic","EPRC_V1","Version 1 (1985-2013)","2008","2008","IDX","Index","0","Units",,,3.0515873,,
"CZE","Czech Republic","EPRC_V1","Version 1 (1985-2013)","2009","2009","IDX","Index","0","Units",,,3.0515873,,
"CZE","Czech Republic","EPRC_V1","Version 1 (1985-2013)","2010","2010","IDX","Index","0","Units",,,3.0515873,,
"CZE","Czech Republic","EPRC_V1","Version 1 (1985-2013)","2011","2011","IDX","Index","0","Units",,,3.0515873,,
"CZE","Czech Republic","EPRC_V1","Version 1 (1985-2013)","2012","2012","IDX","Index","0","Units",,,2.9246032,,
"CZE","Czech Republic","EPRC_V1","Version 1 (1985-2013)","2013","2013","IDX","Index","0","Units",,,2.9246032,,
"DNK","Denmark","EPRC_V1","Version 1 (1985-2013)","2008","2008","IDX","Index","0","Units",,,2.1349206,,
"DNK","Denmark","EPRC_V1","Version 1 (1985-2013)","2009","2009","IDX","Index","0","Units",,,2.1349206,,
"DNK","Denmark","EPRC_V1","Version 1 (1985-2013)","2010","2010","IDX","Index","0","Units",,,2.1349206,,
"DNK","Denmark","EPRC_V1","Version 1 (1985-2013)","2011","2011","IDX","Index","0","Units",,,2.1984127,,
"DNK","Denmark","EPRC_V1","Version 1 (1985-2013)","2012","2012","IDX","Index","0","Units",,,2.1984127,,
"DNK","Denmark","EPRC_V1","Version 1 (1985-2013)","2013","2013","IDX","Index","0","Units",,,2.1984127,,
"FIN","Finland","EPRC_V1","Version 1 (1985-2013)","2008","2008","IDX","Index","0","Units",,,2.1666667,,
"FIN","Finland","EPRC_V1","Version 1 (1985-2013)","2009","2009","IDX","Index","0","Units",,,2.1666667,,
"FIN","Finland","EPRC_V1","Version 1 (1985-2013)","2010","2010","IDX","Index","0","Units",,,2.1666667,,
"FIN","Finland","EPRC_V1","Version 1 (1985-2013)","2011","2011","IDX","Index","0","Units",,,2.1666667,,
"FIN","Finland","EPRC_V1","Version 1 (1985-2013)","2012","2012","IDX","Index","0","Units",,,2.1666667,,
"FIN","Finland","EPRC_V1","Version 1 (1985-2013)","2013","2013","IDX","Index","0","Units",,,2.1666667,,
"FRA","France","EPRC_V1","Version 1 (1985-2013)","2008","2008","IDX","Index","0","Units",,,2.4682541,,
"FRA","France","EPRC_V1","Version 1 (1985-2013)","2009","2009","IDX","Index","0","Units",,,2.3849206,,
"FRA","France","EPRC_V1","Version 1 (1985-2013)","2010","2010","IDX","Index","0","Units",,,2.3849206,,
"FRA","France","EPRC_V1","Version 1 (1985-2013)","2011","2011","IDX","Index","0","Units",,,2.3849206,,
"FRA","France","EPRC_V1","Version 1 (1985-2013)","2012","2012","IDX","Index","0","Units",,,2.3849206,,
"FRA","France","EPRC_V1","Version 1 (1985-2013)","2013","2013","IDX","Index","0","Units",,,2.3849206,,
"DEU","Germany","EPRC_V1","Version 1 (1985-2013)","2008","2008","IDX","Index","0","Units",,,2.6785715,,
"DEU","Germany","EPRC_V1","Version 1 (1985-2013)","2009","2009","IDX","Index","0","Units",,,2.6785715,,
"DEU","Germany","EPRC_V1","Version 1 (1985-2013)","2010","2010","IDX","Index","0","Units",,,2.6785715,,
"DEU","Germany","EPRC_V1","Version 1 (1985-2013)","2011","2011","IDX","Index","0","Units",,,2.6785715,,
"DEU","Germany","EPRC_V1","Version 1 (1985-2013)","2012","2012","IDX","Index","0","Units",,,2.6785715,,
"DEU","Germany","EPRC_V1","Version 1 (1985-2013)","2013","2013","IDX","Index","0","Units",,,2.6785715,,
"GRC","Greece","EPRC_V1","Version 1 (1985-2013)","2008","2008","IDX","Index","0","Units",,,2.8015873,,
"GRC","Greece","EPRC_V1","Version 1 (1985-2013)","2009","2009","IDX","Index","0","Units",,,2.8015873,,
"GRC","Greece","EPRC_V1","Version 1 (1985-2013)","2010","2010","IDX","Index","0","Units",,,2.8015873,,
"GRC","Greece","EPRC_V1","Version 1 (1985-2013)","2011","2011","IDX","Index","0","Units",,,2.1666667,,
"GRC","Greece","EPRC_V1","Version 1 (1985-2013)","2012","2012","IDX","Index","0","Units",,,2.1666667,,
"GRC","Greece","EPRC_V1","Version 1 (1985-2013)","2013","2013","IDX","Index","0","Units",,,2.1190476,,
"HUN","Hungary","EPRC_V1","Version 1 (1985-2013)","2008","2008","IDX","Index","0","Units",,,2.0039682,,
"HUN","Hungary","EPRC_V1","Version 1 (1985-2013)","2009","2009","IDX","Index","0","Units",,,2.0039682,,
"HUN","Hungary","EPRC_V1","Version 1 (1985-2013)","2010","2010","IDX","Index","0","Units",,,2.0039682,,
"HUN","Hungary","EPRC_V1","Version 1 (1985-2013)","2011","2011","IDX","Index","0","Units",,,2.0039682,,
"HUN","Hungary","EPRC_V1","Version 1 (1985-2013)","2012","2012","IDX","Index","0","Units",,,2.0039682,,
"HUN","Hungary","EPRC_V1","Version 1 (1985-2013)","2013","2013","IDX","Index","0","Units",,,1.5873016,,
"ISL","Iceland","EPRC_V1","Version 1 (1985-2013)","2008","2008","IDX","Index","0","Units",,,1.7301587,,
"ISL","Iceland","EPRC_V1","Version 1 (1985-2013)","2009","2009","IDX","Index","0","Units",,,1.7301587,,
"ISL","Iceland","EPRC_V1","Version 1 (1985-2013)","2010","2010","IDX","Index","0","Units",,,1.7301587,,
"ISL","Iceland","EPRC_V1","Version 1 (1985-2013)","2011","2011","IDX","Index","0","Units",,,1.7301587,,
"ISL","Iceland","EPRC_V1","Version 1 (1985-2013)","2012","2012","IDX","Index","0","Units",,,1.7301587,,
"ISL","Iceland","EPRC_V1","Version 1 (1985-2013)","2013","2013","IDX","Index","0","Units",,,1.7301587,,
"IRL","Ireland","EPRC_V1","Version 1 (1985-2013)","2008","2008","IDX","Index","0","Units",,,1.2698413,,
"IRL","Ireland","EPRC_V1","Version 1 (1985-2013)","2009","2009","IDX","Index","0","Units",,,1.2698413,,
"IRL","Ireland","EPRC_V1","Version 1 (1985-2013)","2010","2010","IDX","Index","0","Units",,,1.2698413,,
"IRL","Ireland","EPRC_V1","Version 1 (1985-2013)","2011","2011","IDX","Index","0","Units",,,1.2698413,,
"IRL","Ireland","EPRC_V1","Version 1 (1985-2013)","2012","2012","IDX","Index","0","Units",,,1.3968254,,
"IRL","Ireland","EPRC_V1","Version 1 (1985-2013)","2013","2013","IDX","Index","0","Units",,,1.3968254,,
"ITA","Italy","EPRC_V1","Version 1 (1985-2013)","2008","2008","IDX","Index","0","Units",,,2.7619047,,
"ITA","Italy","EPRC_V1","Version 1 (1985-2013)","2009","2009","IDX","Index","0","Units",,,2.7619047,,
"ITA","Italy","EPRC_V1","Version 1 (1985-2013)","2010","2010","IDX","Index","0","Units",,,2.7619047,,
"ITA","Italy","EPRC_V1","Version 1 (1985-2013)","2011","2011","IDX","Index","0","Units",,,2.7619047,,
"ITA","Italy","EPRC_V1","Version 1 (1985-2013)","2012","2012","IDX","Index","0","Units",,,2.7619047,,
"ITA","Italy","EPRC_V1","Version 1 (1985-2013)","2013","2013","IDX","Index","0","Units",,,2.6785715,,
"JPN","Japan","EPRC_V1","Version 1 (1985-2013)","2008","2008","IDX","Index","0","Units",,,1.3690476,,
"JPN","Japan","EPRC_V1","Version 1 (1985-2013)","2009","2009","IDX","Index","0","Units",,,1.3690476,,
"JPN","Japan","EPRC_V1","Version 1 (1985-2013)","2010","2010","IDX","Index","0","Units",,,1.3690476,,
"JPN","Japan","EPRC_V1","Version 1 (1985-2013)","2011","2011","IDX","Index","0","Units",,,1.3690476,,
"JPN","Japan","EPRC_V1","Version 1 (1985-2013)","2012","2012","IDX","Index","0","Units",,,1.3690476,,
"JPN","Japan","EPRC_V1","Version 1 (1985-2013)","2013","2013","IDX","Index","0","Units",,,1.3690476,,
"KOR","Korea","EPRC_V1","Version 1 (1985-2013)","2008","2008","IDX","Index","0","Units",,,2.3690476,,
"KOR","Korea","EPRC_V1","Version 1 (1985-2013)","2009","2009","IDX","Index","0","Units",,,2.3690476,,
"KOR","Korea","EPRC_V1","Version 1 (1985-2013)","2010","2010","IDX","Index","0","Units",,,2.3690476,,
"KOR","Korea","EPRC_V1","Version 1 (1985-2013)","2011","2011","IDX","Index","0","Units",,,2.3690476,,
"KOR","Korea","EPRC_V1","Version 1 (1985-2013)","2012","2012","IDX","Index","0","Units",,,2.3690476,,
"KOR","Korea","EPRC_V1","Version 1 (1985-2013)","2013","2013","IDX","Index","0","Units",,,2.3690476,,
"LUX","Luxembourg","EPRC_V1","Version 1 (1985-2013)","2008","2008","IDX","Index","0","Units",,,2.2460318,,
"LUX","Luxembourg","EPRC_V1","Version 1 (1985-2013)","2009","2009","IDX","Index","0","Units",,,2.2460318,,
"LUX","Luxembourg","EPRC_V1","Version 1 (1985-2013)","2010","2010","IDX","Index","0","Units",,,2.2460318,,
"LUX","Luxembourg","EPRC_V1","Version 1 (1985-2013)","2011","2011","IDX","Index","0","Units",,,2.2460318,,
"LUX","Luxembourg","EPRC_V1","Version 1 (1985-2013)","2012","2012","IDX","Index","0","Units",,,2.2460318,,
"LUX","Luxembourg","EPRC_V1","Version 1 (1985-2013)","2013","2013","IDX","Index","0","Units",,,2.2460318,,
"MEX","Mexico","EPRC_V1","Version 1 (1985-2013)","2008","2008","IDX","Index","0","Units",,,2.1944444,,
"MEX","Mexico","EPRC_V1","Version 1 (1985-2013)","2009","2009","IDX","Index","0","Units",,,2.1944444,,
"MEX","Mexico","EPRC_V1","Version 1 (1985-2013)","2010","2010","IDX","Index","0","Units",,,2.1944444,,
"MEX","Mexico","EPRC_V1","Version 1 (1985-2013)","2011","2011","IDX","Index","0","Units",,,2.1944444,,
"MEX","Mexico","EPRC_V1","Version 1 (1985-2013)","2012","2012","IDX","Index","0","Units",,,2.1944444,,
"MEX","Mexico","EPRC_V1","Version 1 (1985-2013)","2013","2013","IDX","Index","0","Units",,,2.0277777,,
"NLD","Netherlands","EPRC_V1","Version 1 (1985-2013)","2008","2008","IDX","Index","0","Units",,,2.8849206,,
"NLD","Netherlands","EPRC_V1","Version 1 (1985-2013)","2009","2009","IDX","Index","0","Units",,,2.8214285,,
"NLD","Netherlands","EPRC_V1","Version 1 (1985-2013)","2010","2010","IDX","Index","0","Units",,,2.8214285,,
"NLD","Netherlands","EPRC_V1","Version 1 (1985-2013)","2011","2011","IDX","Index","0","Units",,,2.8214285,,
"NLD","Netherlands","EPRC_V1","Version 1 (1985-2013)","2012","2012","IDX","Index","0","Units",,,2.8214285,,
"NLD","Netherlands","EPRC_V1","Version 1 (1985-2013)","2013","2013","IDX","Index","0","Units",,,2.8214285,,
"NZL","New Zealand","EPRC_V1","Version 1 (1985-2013)","2008","2008","IDX","Index","0","Units",,,1.5595238,,
"NZL","New Zealand","EPRC_V1","Version 1 (1985-2013)","2009","2009","IDX","Index","0","Units",,,1.5595238,,
"NZL","New Zealand","EPRC_V1","Version 1 (1985-2013)","2010","2010","IDX","Index","0","Units",,,1.5595238,,
"NZL","New Zealand","EPRC_V1","Version 1 (1985-2013)","2011","2011","IDX","Index","0","Units",,,1.5595238,,
"NZL","New Zealand","EPRC_V1","Version 1 (1985-2013)","2012","2012","IDX","Index","0","Units",,,1.3928572,,
"NZL","New Zealand","EPRC_V1","Version 1 (1985-2013)","2013","2013","IDX","Index","0","Units",,,1.3928572,,
"NOR","Norway","EPRC_V1","Version 1 (1985-2013)","2008","2008","IDX","Index","0","Units",,,2.3333333,,
"NOR","Norway","EPRC_V1","Version 1 (1985-2013)","2009","2009","IDX","Index","0","Units",,,2.3333333,,
"NOR","Norway","EPRC_V1","Version 1 (1985-2013)","2010","2010","IDX","Index","0","Units",,,2.3333333,,
"NOR","Norway","EPRC_V1","Version 1 (1985-2013)","2011","2011","IDX","Index","0","Units",,,2.3333333,,
"NOR","Norway","EPRC_V1","Version 1 (1985-2013)","2012","2012","IDX","Index","0","Units",,,2.3333333,,
"NOR","Norway","EPRC_V1","Version 1 (1985-2013)","2013","2013","IDX","Index","0","Units",,,2.3333333,,
"POL","Poland","EPRC_V1","Version 1 (1985-2013)","2008","2008","IDX","Index","0","Units",,,2.2301588,,
"POL","Poland","EPRC_V1","Version 1 (1985-2013)","2009","2009","IDX","Index","0","Units",,,2.2301588,,
"POL","Poland","EPRC_V1","Version 1 (1985-2013)","2010","2010","IDX","Index","0","Units",,,2.2301588,,
"POL","Poland","EPRC_V1","Version 1 (1985-2013)","2011","2011","IDX","Index","0","Units",,,2.2301588,,
"POL","Poland","EPRC_V1","Version 1 (1985-2013)","2012","2012","IDX","Index","0","Units",,,2.2301588,,
"POL","Poland","EPRC_V1","Version 1 (1985-2013)","2013","2013","IDX","Index","0","Units",,,2.2301588,,
"PRT","Portugal","EPRC_V1","Version 1 (1985-2013)","2008","2008","IDX","Index","0","Units",,,4.4166665,,
"PRT","Portugal","EPRC_V1","Version 1 (1985-2013)","2009","2009","IDX","Index","0","Units",,,4.4166665,,
"PRT","Portugal","EPRC_V1","Version 1 (1985-2013)","2010","2010","IDX","Index","0","Units",,,4.1309524,,
"PRT","Portugal","EPRC_V1","Version 1 (1985-2013)","2011","2011","IDX","Index","0","Units",,,4.1309524,,
"PRT","Portugal","EPRC_V1","Version 1 (1985-2013)","2012","2012","IDX","Index","0","Units",,,3.5595238,,
"PRT","Portugal","EPRC_V1","Version 1 (1985-2013)","2013","2013","IDX","Index","0","Units",,,3.1845238,,
"SVK","Slovak Republic","EPRC_V1","Version 1 (1985-2013)","2008","2008","IDX","Index","0","Units",,,2.2222223,,
"SVK","Slovak Republic","EPRC_V1","Version 1 (1985-2013)","2009","2009","IDX","Index","0","Units",,,2.2222223,,
"SVK","Slovak Republic","EPRC_V1","Version 1 (1985-2013)","2010","2010","IDX","Index","0","Units",,,2.2222223,,
"SVK","Slovak Republic","EPRC_V1","Version 1 (1985-2013)","2011","2011","IDX","Index","0","Units",,,2.2222223,,
"SVK","Slovak Republic","EPRC_V1","Version 1 (1985-2013)","2012","2012","IDX","Index","0","Units",,,1.7142857,,
"SVK","Slovak Republic","EPRC_V1","Version 1 (1985-2013)","2013","2013","IDX","Index","0","Units",,,1.8412699,,
"ESP","Spain","EPRC_V1","Version 1 (1985-2013)","2008","2008","IDX","Index","0","Units",,,2.3571429,,
"ESP","Spain","EPRC_V1","Version 1 (1985-2013)","2009","2009","IDX","Index","0","Units",,,2.3571429,,
"ESP","Spain","EPRC_V1","Version 1 (1985-2013)","2010","2010","IDX","Index","0","Units",,,2.3571429,,
"ESP","Spain","EPRC_V1","Version 1 (1985-2013)","2011","2011","IDX","Index","0","Units",,,2.2142856,,
"ESP","Spain","EPRC_V1","Version 1 (1985-2013)","2012","2012","IDX","Index","0","Units",,,2.2142856,,
"ESP","Spain","EPRC_V1","Version 1 (1985-2013)","2013","2013","IDX","Index","0","Units",,,2.0476191,,
"SWE","Sweden","EPRC_V1","Version 1 (1985-2013)","2008","2008","IDX","Index","0","Units",,,2.6071429,,
"SWE","Sweden","EPRC_V1","Version 1 (1985-2013)","2009","2009","IDX","Index","0","Units",,,2.6071429,,
"SWE","Sweden","EPRC_V1","Version 1 (1985-2013)","2010","2010","IDX","Index","0","Units",,,2.6071429,,
"SWE","Sweden","EPRC_V1","Version 1 (1985-2013)","2011","2011","IDX","Index","0","Units",,,2.6071429,,
"SWE","Sweden","EPRC_V1","Version 1 (1985-2013)","2012","2012","IDX","Index","0","Units",,,2.6071429,,
"SWE","Sweden","EPRC_V1","Version 1 (1985-2013)","2013","2013","IDX","Index","0","Units",,,2.6071429,,
"CHE","Switzerland","EPRC_V1","Version 1 (1985-2013)","2008","2008","IDX","Index","0","Units",,,1.5952381,,
"CHE","Switzerland","EPRC_V1","Version 1 (1985-2013)","2009","2009","IDX","Index","0","Units",,,1.5952381,,
"CHE","Switzerland","EPRC_V1","Version 1 (1985-2013)","2010","2010","IDX","Index","0","Units",,,1.5952381,,
"CHE","Switzerland","EPRC_V1","Version 1 (1985-2013)","2011","2011","IDX","Index","0","Units",,,1.5952381,,
"CHE","Switzerland","EPRC_V1","Version 1 (1985-2013)","2012","2012","IDX","Index","0","Units",,,1.5952381,,
"CHE","Switzerland","EPRC_V1","Version 1 (1985-2013)","2013","2013","IDX","Index","0","Units",,,1.5952381,,
"TUR","Turkey","EPRC_V1","Version 1 (1985-2013)","2008","2008","IDX","Index","0","Units",,,2.3095238,,
"TUR","Turkey","EPRC_V1","Version 1 (1985-2013)","2009","2009","IDX","Index","0","Units",,,2.3095238,,
"TUR","Turkey","EPRC_V1","Version 1 (1985-2013)","2010","2010","IDX","Index","0","Units",,,2.3095238,,
"TUR","Turkey","EPRC_V1","Version 1 (1985-2013)","2011","2011","IDX","Index","0","Units",,,2.3095238,,
"TUR","Turkey","EPRC_V1","Version 1 (1985-2013)","2012","2012","IDX","Index","0","Units",,,2.3095238,,
"TUR","Turkey","EPRC_V1","Version 1 (1985-2013)","2013","2013","IDX","Index","0","Units",,,2.3095238,,
"GBR","United Kingdom","EPRC_V1","Version 1 (1985-2013)","2008","2008","IDX","Index","0","Units",,,1.2619047,,
"GBR","United Kingdom","EPRC_V1","Version 1 (1985-2013)","2009","2009","IDX","Index","0","Units",,,1.2619047,,
"GBR","United Kingdom","EPRC_V1","Version 1 (1985-2013)","2010","2010","IDX","Index","0","Units",,,1.2619047,,
"GBR","United Kingdom","EPRC_V1","Version 1 (1985-2013)","2011","2011","IDX","Index","0","Units",,,1.2619047,,
"GBR","United Kingdom","EPRC_V1","Version 1 (1985-2013)","2012","2012","IDX","Index","0","Units",,,1.2619047,,
"GBR","United Kingdom","EPRC_V1","Version 1 (1985-2013)","2013","2013","IDX","Index","0","Units",,,1.0952381,,
"GBR","United Kingdom","EPRC_V1","Version 1 (1985-2013)","2014","2014","IDX","Index","0","Units",,,1.0952381,,
"USA","United States","EPRC_V1","Version 1 (1985-2013)","2008","2008","IDX","Index","0","Units",,,0.25666666,,
"USA","United States","EPRC_V1","Version 1 (1985-2013)","2009","2009","IDX","Index","0","Units",,,0.25666666,,
"USA","United States","EPRC_V1","Version 1 (1985-2013)","2010","2010","IDX","Index","0","Units",,,0.25666666,,
"USA","United States","EPRC_V1","Version 1 (1985-2013)","2011","2011","IDX","Index","0","Units",,,0.25666666,,
"USA","United States","EPRC_V1","Version 1 (1985-2013)","2012","2012","IDX","Index","0","Units",,,0.25666666,,
"USA","United States","EPRC_V1","Version 1 (1985-2013)","2013","2013","IDX","Index","0","Units",,,0.25666666,,
"ISR","Israel","EPRC_V1","Version 1 (1985-2013)","2008","2008","IDX","Index","0","Units",,,2.0357144,,
"ISR","Israel","EPRC_V1","Version 1 (1985-2013)","2009","2009","IDX","Index","0","Units",,,2.0357144,,
"ISR","Israel","EPRC_V1","Version 1 (1985-2013)","2010","2010","IDX","Index","0","Units",,,2.0357144,,
"ISR","Israel","EPRC_V1","Version 1 (1985-2013)","2011","2011","IDX","Index","0","Units",,,2.0357144,,
"ISR","Israel","EPRC_V1","Version 1 (1985-2013)","2012","2012","IDX","Index","0","Units",,,2.0357144,,
"ISR","Israel","EPRC_V1","Version 1 (1985-2013)","2013","2013","IDX","Index","0","Units",,,2.0357144,,
"BRA","Brazil","EPRC_V1","Version 1 (1985-2013)","2008","2008","IDX","Index","0","Units",,,1.4325397,,
"BRA","Brazil","EPRC_V1","Version 1 (1985-2013)","2009","2009","IDX","Index","0","Units",,,1.4325397,,
"BRA","Brazil","EPRC_V1","Version 1 (1985-2013)","2010","2010","IDX","Index","0","Units",,,1.4325397,,
"BRA","Brazil","EPRC_V1","Version 1 (1985-2013)","2011","2011","IDX","Index","0","Units",,,1.4325397,,
"BRA","Brazil","EPRC_V1","Version 1 (1985-2013)","2012","2012","IDX","Index","0","Units",,,1.5277778,,
"CHL","Chile","EPRC_V1","Version 1 (1985-2013)","2008","2008","IDX","Index","0","Units",,,2.6269841,,
"CHL","Chile","EPRC_V1","Version 1 (1985-2013)","2009","2009","IDX","Index","0","Units",,,2.6269841,,
"CHL","Chile","EPRC_V1","Version 1 (1985-2013)","2010","2010","IDX","Index","0","Units",,,2.6269841,,
"CHL","Chile","EPRC_V1","Version 1 (1985-2013)","2011","2011","IDX","Index","0","Units",,,2.6269841,,
"CHL","Chile","EPRC_V1","Version 1 (1985-2013)","2012","2012","IDX","Index","0","Units",,,2.6269841,,
"CHL","Chile","EPRC_V1","Version 1 (1985-2013)","2013","2013","IDX","Index","0","Units",,,2.6269841,,
"CHN","China","EPRC_V1","Version 1 (1985-2013)","2008","2008","IDX","Index","0","Units",,,3.2579365,,
"CHN","China","EPRC_V1","Version 1 (1985-2013)","2009","2009","IDX","Index","0","Units",,,3.2579365,,
"CHN","China","EPRC_V1","Version 1 (1985-2013)","2010","2010","IDX","Index","0","Units",,,3.2579365,,
"CHN","China","EPRC_V1","Version 1 (1985-2013)","2011","2011","IDX","Index","0","Units",,,3.2579365,,
"CHN","China","EPRC_V1","Version 1 (1985-2013)","2012","2012","IDX","Index","0","Units",,,3.2579365,,
"IDN","Indonesia","EPRC_V1","Version 1 (1985-2013)","2008","2008","IDX","Index","0","Units",,,4.075397,,
"IDN","Indonesia","EPRC_V1","Version 1 (1985-2013)","2009","2009","IDX","Index","0","Units",,,4.075397,,
"IDN","Indonesia","EPRC_V1","Version 1 (1985-2013)","2010","2010","IDX","Index","0","Units",,,4.075397,,
"IDN","Indonesia","EPRC_V1","Version 1 (1985-2013)","2011","2011","IDX","Index","0","Units",,,4.075397,,
"IDN","Indonesia","EPRC_V1","Version 1 (1985-2013)","2012","2012","IDX","Index","0","Units",,,4.075397,,
"IND","India","EPRC_V1","Version 1 (1985-2013)","2008","2008","IDX","Index","0","Units",,,3.2857141,,
"IND","India","EPRC_V1","Version 1 (1985-2013)","2009","2009","IDX","Index","0","Units",,,3.2857141,,
"IND","India","EPRC_V1","Version 1 (1985-2013)","2010","2010","IDX","Index","0","Units",,,3.2857141,,
"IND","India","EPRC_V1","Version 1 (1985-2013)","2011","2011","IDX","Index","0","Units",,,3.2857141,,
"IND","India","EPRC_V1","Version 1 (1985-2013)","2012","2012","IDX","Index","0","Units",,,3.2857141,,
"SVN","Slovenia","EPRC_V1","Version 1 (1985-2013)","2008","2008","IDX","Index","0","Units",,,2.6507936,,
"SVN","Slovenia","EPRC_V1","Version 1 (1985-2013)","2009","2009","IDX","Index","0","Units",,,2.6507936,,
"SVN","Slovenia","EPRC_V1","Version 1 (1985-2013)","2010","2010","IDX","Index","0","Units",,,2.6507936,,
"SVN","Slovenia","EPRC_V1","Version 1 (1985-2013)","2011","2011","IDX","Index","0","Units",,,2.6031747,,
"SVN","Slovenia","EPRC_V1","Version 1 (1985-2013)","2012","2012","IDX","Index","0","Units",,,2.6031747,,
"SVN","Slovenia","EPRC_V1","Version 1 (1985-2013)","2013","2013","IDX","Index","0","Units",,,2.6031747,,
"SVN","Slovenia","EPRC_V1","Version 1 (1985-2013)","2014","2014","IDX","Index","0","Units",,,2.15873,,
"ZAF","South Africa","EPRC_V1","Version 1 (1985-2013)","2008","2008","IDX","Index","0","Units",,,2.15873,,
"ZAF","South Africa","EPRC_V1","Version 1 (1985-2013)","2009","2009","IDX","Index","0","Units",,,2.15873,,
"ZAF","South Africa","EPRC_V1","Version 1 (1985-2013)","2010","2010","IDX","Index","0","Units",,,2.15873,,
"ZAF","South Africa","EPRC_V1","Version 1 (1985-2013)","2011","2011","IDX","Index","0","Units",,,2.15873,,
"ZAF","South Africa","EPRC_V1","Version 1 (1985-2013)","2012","2012","IDX","Index","0","Units",,,2.15873,,
"EST","Estonia","EPRC_V1","Version 1 (1985-2013)","2008","2008","IDX","Index","0","Units",,,2.7420635,,
"EST","Estonia","EPRC_V1","Version 1 (1985-2013)","2009","2009","IDX","Index","0","Units",,,2.7420635,,
"EST","Estonia","EPRC_V1","Version 1 (1985-2013)","2010","2010","IDX","Index","0","Units",,,1.8095238,,
"EST","Estonia","EPRC_V1","Version 1 (1985-2013)","2011","2011","IDX","Index","0","Units",,,1.8095238,,
"EST","Estonia","EPRC_V1","Version 1 (1985-2013)","2012","2012","IDX","Index","0","Units",,,1.8095238,,
"EST","Estonia","EPRC_V1","Version 1 (1985-2013)","2013","2013","IDX","Index","0","Units",,,1.8095238,,
"RUS","Russian Federation","EPRC_V1","Version 1 (1985-2013)","2008","2008","IDX","Index","0","Units",,,3.0634921,,
"RUS","Russian Federation","EPRC_V1","Version 1 (1985-2013)","2009","2009","IDX","Index","0","Units",,,3.0634921,,
"RUS","Russian Federation","EPRC_V1","Version 1 (1985-2013)","2010","2010","IDX","Index","0","Units",,,3.0634921,,
"RUS","Russian Federation","EPRC_V1","Version 1 (1985-2013)","2011","2011","IDX","Index","0","Units",,,3.0634921,,
"RUS","Russian Federation","EPRC_V1","Version 1 (1985-2013)","2012","2012","IDX","Index","0","Units",,,3.0634921,,
"LVA","Latvia","EPRC_V1","Version 1 (1985-2013)","2012","2012","IDX","Index","0","Units",,,2.6865079,,
"LVA","Latvia","EPRC_V1","Version 1 (1985-2013)","2013","2013","IDX","Index","0","Units",,,2.6865079,,
"ARG","Argentina","EPRC_V1","Version 1 (1985-2013)","2012","2012","IDX","Index","0","Units",,,1.8174603,,
"ARG","Argentina","EPRC_V1","Version 1 (1985-2013)","2013","2013","IDX","Index","0","Units",,,1.8174603,,
"ARG","Argentina","EPRC_V1","Version 1 (1985-2013)","2014","2014","IDX","Index","0","Units",,,1.8174603,,
"SAU","Saudi Arabia","EPRC_V1","Version 1 (1985-2013)","2008","2008","IDX","Index","0","Units",,,1.3730159,,
"SAU","Saudi Arabia","EPRC_V1","Version 1 (1985-2013)","2009","2009","IDX","Index","0","Units",,,1.3730159,,
"SAU","Saudi Arabia","EPRC_V1","Version 1 (1985-2013)","2010","2010","IDX","Index","0","Units",,,1.3730159,,
"SAU","Saudi Arabia","EPRC_V1","Version 1 (1985-2013)","2011","2011","IDX","Index","0","Units",,,1.3730159,,
"SAU","Saudi Arabia","EPRC_V1","Version 1 (1985-2013)","2012","2012","IDX","Index","0","Units",,,1.3730159,,
"AUS","Australia","EPRC_V2","Version 2 (1998-2013)","2008","2008","IDX","Index","0","Units",,,1.6547619,,
"AUS","Australia","EPRC_V2","Version 2 (1998-2013)","2009","2009","IDX","Index","0","Units",,,1.6547619,,
"AUS","Australia","EPRC_V2","Version 2 (1998-2013)","2010","2010","IDX","Index","0","Units",,,2.0119047,,
"AUS","Australia","EPRC_V2","Version 2 (1998-2013)","2011","2011","IDX","Index","0","Units",,,2.0119047,,
"AUS","Australia","EPRC_V2","Version 2 (1998-2013)","2012","2012","IDX","Index","0","Units",,,2.0119047,,
"AUS","Australia","EPRC_V2","Version 2 (1998-2013)","2013","2013","IDX","Index","0","Units",,,2.0119047,,
"AUT","Austria","EPRC_V2","Version 2 (1998-2013)","2008","2008","IDX","Index","0","Units",,,2.6207483,,
"AUT","Austria","EPRC_V2","Version 2 (1998-2013)","2009","2009","IDX","Index","0","Units",,,2.6207483,,
"AUT","Austria","EPRC_V2","Version 2 (1998-2013)","2010","2010","IDX","Index","0","Units",,,2.6207483,,
"AUT","Austria","EPRC_V2","Version 2 (1998-2013)","2011","2011","IDX","Index","0","Units",,,2.6207483,,
"AUT","Austria","EPRC_V2","Version 2 (1998-2013)","2012","2012","IDX","Index","0","Units",,,2.6207483,,
"AUT","Austria","EPRC_V2","Version 2 (1998-2013)","2013","2013","IDX","Index","0","Units",,,2.6207483,,
"BEL","Belgium","EPRC_V2","Version 2 (1998-2013)","2008","2008","IDX","Index","0","Units",,,2.8163266,,
"BEL","Belgium","EPRC_V2","Version 2 (1998-2013)","2009","2009","IDX","Index","0","Units",,,2.8163266,,
"BEL","Belgium","EPRC_V2","Version 2 (1998-2013)","2010","2010","IDX","Index","0","Units",,,2.9523809,,
"BEL","Belgium","EPRC_V2","Version 2 (1998-2013)","2011","2011","IDX","Index","0","Units",,,2.9523809,,
"BEL","Belgium","EPRC_V2","Version 2 (1998-2013)","2012","2012","IDX","Index","0","Units",,,2.8163266,,
"BEL","Belgium","EPRC_V2","Version 2 (1998-2013)","2013","2013","IDX","Index","0","Units",,,2.8163266,,
"CAN","Canada","EPRC_V2","Version 2 (1998-2013)","2008","2008","IDX","Index","0","Units",,,1.5058106,,
"CAN","Canada","EPRC_V2","Version 2 (1998-2013)","2009","2009","IDX","Index","0","Units",,,1.5058106,,
"CAN","Canada","EPRC_V2","Version 2 (1998-2013)","2010","2010","IDX","Index","0","Units",,,1.5058106,,
"CAN","Canada","EPRC_V2","Version 2 (1998-2013)","2011","2011","IDX","Index","0","Units",,,1.5058106,,
"CAN","Canada","EPRC_V2","Version 2 (1998-2013)","2012","2012","IDX","Index","0","Units",,,1.5058106,,
"CAN","Canada","EPRC_V2","Version 2 (1998-2013)","2013","2013","IDX","Index","0","Units",,,1.5058106,,
"CZE","Czech Republic","EPRC_V2","Version 2 (1998-2013)","2008","2008","IDX","Index","0","Units",,,2.7868481,,
"CZE","Czech Republic","EPRC_V2","Version 2 (1998-2013)","2009","2009","IDX","Index","0","Units",,,2.7868481,,
"CZE","Czech Republic","EPRC_V2","Version 2 (1998-2013)","2010","2010","IDX","Index","0","Units",,,2.7868481,,
"CZE","Czech Republic","EPRC_V2","Version 2 (1998-2013)","2011","2011","IDX","Index","0","Units",,,2.7868481,,
"CZE","Czech Republic","EPRC_V2","Version 2 (1998-2013)","2012","2012","IDX","Index","0","Units",,,2.6961451,,
"CZE","Czech Republic","EPRC_V2","Version 2 (1998-2013)","2013","2013","IDX","Index","0","Units",,,2.6961451,,
"DNK","Denmark","EPRC_V2","Version 2 (1998-2013)","2008","2008","IDX","Index","0","Units",,,2.3463719,,
"DNK","Denmark","EPRC_V2","Version 2 (1998-2013)","2009","2009","IDX","Index","0","Units",,,2.3463719,,
"DNK","Denmark","EPRC_V2","Version 2 (1998-2013)","2010","2010","IDX","Index","0","Units",,,2.3463719,,
"DNK","Denmark","EPRC_V2","Version 2 (1998-2013)","2011","2011","IDX","Index","0","Units",,,2.3917234,,
"DNK","Denmark","EPRC_V2","Version 2 (1998-2013)","2012","2012","IDX","Index","0","Units",,,2.3917234,,
"DNK","Denmark","EPRC_V2","Version 2 (1998-2013)","2013","2013","IDX","Index","0","Units",,,2.3917234,,
"FIN","Finland","EPRC_V2","Version 2 (1998-2013)","2008","2008","IDX","Index","0","Units",,,2.0119047,,
"FIN","Finland","EPRC_V2","Version 2 (1998-2013)","2009","2009","IDX","Index","0","Units",,,2.0119047,,
"FIN","Finland","EPRC_V2","Version 2 (1998-2013)","2010","2010","IDX","Index","0","Units",,,2.0119047,,
"FIN","Finland","EPRC_V2","Version 2 (1998-2013)","2011","2011","IDX","Index","0","Units",,,2.0119047,,
"FIN","Finland","EPRC_V2","Version 2 (1998-2013)","2012","2012","IDX","Index","0","Units",,,2.0119047,,
"FIN","Finland","EPRC_V2","Version 2 (1998-2013)","2013","2013","IDX","Index","0","Units",,,2.0119047,,
"FRA","France","EPRC_V2","Version 2 (1998-2013)","2008","2008","IDX","Index","0","Units",,,2.7273242,,
"FRA","France","EPRC_V2","Version 2 (1998-2013)","2009","2009","IDX","Index","0","Units",,,2.6678004,,
"FRA","France","EPRC_V2","Version 2 (1998-2013)","2010","2010","IDX","Index","0","Units",,,2.6678004,,
"FRA","France","EPRC_V2","Version 2 (1998-2013)","2011","2011","IDX","Index","0","Units",,,2.6678004,,
"FRA","France","EPRC_V2","Version 2 (1998-2013)","2012","2012","IDX","Index","0","Units",,,2.6678004,,
"FRA","France","EPRC_V2","Version 2 (1998-2013)","2013","2013","IDX","Index","0","Units",,,2.6678004,,
"DEU","Germany","EPRC_V2","Version 2 (1998-2013)","2008","2008","IDX","Index","0","Units",,,2.9489796,,
"DEU","Germany","EPRC_V2","Version 2 (1998-2013)","2009","2009","IDX","Index","0","Units",,,2.9489796,,
"DEU","Germany","EPRC_V2","Version 2 (1998-2013)","2010","2010","IDX","Index","0","Units",,,2.9489796,,
"DEU","Germany","EPRC_V2","Version 2 (1998-2013)","2011","2011","IDX","Index","0","Units",,,2.9489796,,
"DEU","Germany","EPRC_V2","Version 2 (1998-2013)","2012","2012","IDX","Index","0","Units",,,2.9489796,,
"DEU","Germany","EPRC_V2","Version 2 (1998-2013)","2013","2013","IDX","Index","0","Units",,,2.9489796,,
"GRC","Greece","EPRC_V2","Version 2 (1998-2013)","2008","2008","IDX","Index","0","Units",,,2.9297051,,
"GRC","Greece","EPRC_V2","Version 2 (1998-2013)","2009","2009","IDX","Index","0","Units",,,2.9297051,,
"GRC","Greece","EPRC_V2","Version 2 (1998-2013)","2010","2010","IDX","Index","0","Units",,,2.9297051,,
"GRC","Greece","EPRC_V2","Version 2 (1998-2013)","2011","2011","IDX","Index","0","Units",,,2.4761906,,
"GRC","Greece","EPRC_V2","Version 2 (1998-2013)","2012","2012","IDX","Index","0","Units",,,2.4761906,,
"GRC","Greece","EPRC_V2","Version 2 (1998-2013)","2013","2013","IDX","Index","0","Units",,,2.4421768,,
"HUN","Hungary","EPRC_V2","Version 2 (1998-2013)","2008","2008","IDX","Index","0","Units",,,2.3956916,,
"HUN","Hungary","EPRC_V2","Version 2 (1998-2013)","2009","2009","IDX","Index","0","Units",,,2.3956916,,
"HUN","Hungary","EPRC_V2","Version 2 (1998-2013)","2010","2010","IDX","Index","0","Units",,,2.3956916,,
"HUN","Hungary","EPRC_V2","Version 2 (1998-2013)","2011","2011","IDX","Index","0","Units",,,2.3956916,,
"HUN","Hungary","EPRC_V2","Version 2 (1998-2013)","2012","2012","IDX","Index","0","Units",,,2.3956916,,
"HUN","Hungary","EPRC_V2","Version 2 (1998-2013)","2013","2013","IDX","Index","0","Units",,,2.1695011,,
"ISL","Iceland","EPRC_V2","Version 2 (1998-2013)","2008","2008","IDX","Index","0","Units",,,2.2358277,,
"ISL","Iceland","EPRC_V2","Version 2 (1998-2013)","2009","2009","IDX","Index","0","Units",,,2.2358277,,
"ISL","Iceland","EPRC_V2","Version 2 (1998-2013)","2010","2010","IDX","Index","0","Units",,,2.2358277,,
"ISL","Iceland","EPRC_V2","Version 2 (1998-2013)","2011","2011","IDX","Index","0","Units",,,2.2358277,,
"ISL","Iceland","EPRC_V2","Version 2 (1998-2013)","2012","2012","IDX","Index","0","Units",,,2.2358277,,
"ISL","Iceland","EPRC_V2","Version 2 (1998-2013)","2013","2013","IDX","Index","0","Units",,,2.2358277,,
"IRL","Ireland","EPRC_V2","Version 2 (1998-2013)","2008","2008","IDX","Index","0","Units",,,1.9070295,,
"IRL","Ireland","EPRC_V2","Version 2 (1998-2013)","2009","2009","IDX","Index","0","Units",,,1.9070295,,
"IRL","Ireland","EPRC_V2","Version 2 (1998-2013)","2010","2010","IDX","Index","0","Units",,,1.9070295,,
"IRL","Ireland","EPRC_V2","Version 2 (1998-2013)","2011","2011","IDX","Index","0","Units",,,1.9070295,,
"IRL","Ireland","EPRC_V2","Version 2 (1998-2013)","2012","2012","IDX","Index","0","Units",,,1.9977324,,
"IRL","Ireland","EPRC_V2","Version 2 (1998-2013)","2013","2013","IDX","Index","0","Units",,,1.9977324,,
"ITA","Italy","EPRC_V2","Version 2 (1998-2013)","2008","2008","IDX","Index","0","Units",,,3.1513605,,
"ITA","Italy","EPRC_V2","Version 2 (1998-2013)","2009","2009","IDX","Index","0","Units",,,3.1513605,,
"ITA","Italy","EPRC_V2","Version 2 (1998-2013)","2010","2010","IDX","Index","0","Units",,,3.1513605,,
"ITA","Italy","EPRC_V2","Version 2 (1998-2013)","2011","2011","IDX","Index","0","Units",,,3.1513605,,
"ITA","Italy","EPRC_V2","Version 2 (1998-2013)","2012","2012","IDX","Index","0","Units",,,3.1513605,,
"ITA","Italy","EPRC_V2","Version 2 (1998-2013)","2013","2013","IDX","Index","0","Units",,,2.984694,,
"JPN","Japan","EPRC_V2","Version 2 (1998-2013)","2008","2008","IDX","Index","0","Units",,,1.9064626,,
"JPN","Japan","EPRC_V2","Version 2 (1998-2013)","2009","2009","IDX","Index","0","Units",,,1.9064626,,
"JPN","Japan","EPRC_V2","Version 2 (1998-2013)","2010","2010","IDX","Index","0","Units",,,1.9064626,,
"JPN","Japan","EPRC_V2","Version 2 (1998-2013)","2011","2011","IDX","Index","0","Units",,,1.9064626,,
"JPN","Japan","EPRC_V2","Version 2 (1998-2013)","2012","2012","IDX","Index","0","Units",,,1.9064626,,
"JPN","Japan","EPRC_V2","Version 2 (1998-2013)","2013","2013","IDX","Index","0","Units",,,1.9064626,,
"KOR","Korea","EPRC_V2","Version 2 (1998-2013)","2008","2008","IDX","Index","0","Units",,,2.2278912,,
"KOR","Korea","EPRC_V2","Version 2 (1998-2013)","2009","2009","IDX","Index","0","Units",,,2.2278912,,
"KOR","Korea","EPRC_V2","Version 2 (1998-2013)","2010","2010","IDX","Index","0","Units",,,2.2278912,,
"KOR","Korea","EPRC_V2","Version 2 (1998-2013)","2011","2011","IDX","Index","0","Units",,,2.2278912,,
"KOR","Korea","EPRC_V2","Version 2 (1998-2013)","2012","2012","IDX","Index","0","Units",,,2.2278912,,
"KOR","Korea","EPRC_V2","Version 2 (1998-2013)","2013","2013","IDX","Index","0","Units",,,2.2278912,,
"LUX","Luxembourg","EPRC_V2","Version 2 (1998-2013)","2008","2008","IDX","Index","0","Units",,,2.7114513,,
"LUX","Luxembourg","EPRC_V2","Version 2 (1998-2013)","2009","2009","IDX","Index","0","Units",,,2.7114513,,
"LUX","Luxembourg","EPRC_V2","Version 2 (1998-2013)","2010","2010","IDX","Index","0","Units",,,2.7114513,,
"LUX","Luxembourg","EPRC_V2","Version 2 (1998-2013)","2011","2011","IDX","Index","0","Units",,,2.7114513,,
"LUX","Luxembourg","EPRC_V2","Version 2 (1998-2013)","2012","2012","IDX","Index","0","Units",,,2.7114513,,
"LUX","Luxembourg","EPRC_V2","Version 2 (1998-2013)","2013","2013","IDX","Index","0","Units",,,2.7114513,,
"MEX","Mexico","EPRC_V2","Version 2 (1998-2013)","2008","2008","IDX","Index","0","Units",,,2.8174603,,
"MEX","Mexico","EPRC_V2","Version 2 (1998-2013)","2009","2009","IDX","Index","0","Units",,,2.8174603,,
"MEX","Mexico","EPRC_V2","Version 2 (1998-2013)","2010","2010","IDX","Index","0","Units",,,2.8174603,,
"MEX","Mexico","EPRC_V2","Version 2 (1998-2013)","2011","2011","IDX","Index","0","Units",,,2.8174603,,
"MEX","Mexico","EPRC_V2","Version 2 (1998-2013)","2012","2012","IDX","Index","0","Units",,,2.8174603,,
"MEX","Mexico","EPRC_V2","Version 2 (1998-2013)","2013","2013","IDX","Index","0","Units",,,2.6984127,,
"NLD","Netherlands","EPRC_V2","Version 2 (1998-2013)","2008","2008","IDX","Index","0","Units",,,2.9178004,,
"NLD","Netherlands","EPRC_V2","Version 2 (1998-2013)","2009","2009","IDX","Index","0","Units",,,2.8724489,,
"NLD","Netherlands","EPRC_V2","Version 2 (1998-2013)","2010","2010","IDX","Index","0","Units",,,2.8724489,,
"NLD","Netherlands","EPRC_V2","Version 2 (1998-2013)","2011","2011","IDX","Index","0","Units",,,2.8724489,,
"NLD","Netherlands","EPRC_V2","Version 2 (1998-2013)","2012","2012","IDX","Index","0","Units",,,2.8724489,,
"NLD","Netherlands","EPRC_V2","Version 2 (1998-2013)","2013","2013","IDX","Index","0","Units",,,2.9260204,,
"NZL","New Zealand","EPRC_V2","Version 2 (1998-2013)","2008","2008","IDX","Index","0","Units",,,1.1139456,,
"NZL","New Zealand","EPRC_V2","Version 2 (1998-2013)","2009","2009","IDX","Index","0","Units",,,1.1139456,,
"NZL","New Zealand","EPRC_V2","Version 2 (1998-2013)","2010","2010","IDX","Index","0","Units",,,1.1139456,,
"NZL","New Zealand","EPRC_V2","Version 2 (1998-2013)","2011","2011","IDX","Index","0","Units",,,1.1139456,,
"NZL","New Zealand","EPRC_V2","Version 2 (1998-2013)","2012","2012","IDX","Index","0","Units",,,0.99489802,,
"NZL","New Zealand","EPRC_V2","Version 2 (1998-2013)","2013","2013","IDX","Index","0","Units",,,0.99489802,,
"NOR","Norway","EPRC_V2","Version 2 (1998-2013)","2008","2008","IDX","Index","0","Units",,,2.3809524,,
"NOR","Norway","EPRC_V2","Version 2 (1998-2013)","2009","2009","IDX","Index","0","Units",,,2.3809524,,
"NOR","Norway","EPRC_V2","Version 2 (1998-2013)","2010","2010","IDX","Index","0","Units",,,2.3809524,,
"NOR","Norway","EPRC_V2","Version 2 (1998-2013)","2011","2011","IDX","Index","0","Units",,,2.3809524,,
"NOR","Norway","EPRC_V2","Version 2 (1998-2013)","2012","2012","IDX","Index","0","Units",,,2.3809524,,
"NOR","Norway","EPRC_V2","Version 2 (1998-2013)","2013","2013","IDX","Index","0","Units",,,2.3809524,,
"POL","Poland","EPRC_V2","Version 2 (1998-2013)","2008","2008","IDX","Index","0","Units",,,2.4143991,,
"POL","Poland","EPRC_V2","Version 2 (1998-2013)","2009","2009","IDX","Index","0","Units",,,2.4143991,,
"POL","Poland","EPRC_V2","Version 2 (1998-2013)","2010","2010","IDX","Index","0","Units",,,2.4143991,,
"POL","Poland","EPRC_V2","Version 2 (1998-2013)","2011","2011","IDX","Index","0","Units",,,2.4143991,,
"POL","Poland","EPRC_V2","Version 2 (1998-2013)","2012","2012","IDX","Index","0","Units",,,2.4143991,,
"POL","Poland","EPRC_V2","Version 2 (1998-2013)","2013","2013","IDX","Index","0","Units",,,2.4143991,,
"PRT","Portugal","EPRC_V2","Version 2 (1998-2013)","2008","2008","IDX","Index","0","Units",,,3.6904762,,
"PRT","Portugal","EPRC_V2","Version 2 (1998-2013)","2009","2009","IDX","Index","0","Units",,,3.6904762,,
"PRT","Portugal","EPRC_V2","Version 2 (1998-2013)","2010","2010","IDX","Index","0","Units",,,3.4863946,,
"PRT","Portugal","EPRC_V2","Version 2 (1998-2013)","2011","2011","IDX","Index","0","Units",,,3.4863946,,
"PRT","Portugal","EPRC_V2","Version 2 (1998-2013)","2012","2012","IDX","Index","0","Units",,,3.0782313,,
"PRT","Portugal","EPRC_V2","Version 2 (1998-2013)","2013","2013","IDX","Index","0","Units",,,2.8103743,,
"SVK","Slovak Republic","EPRC_V2","Version 2 (1998-2013)","2008","2008","IDX","Index","0","Units",,,2.6587303,,
"SVK","Slovak Republic","EPRC_V2","Version 2 (1998-2013)","2009","2009","IDX","Index","0","Units",,,2.6587303,,
"SVK","Slovak Republic","EPRC_V2","Version 2 (1998-2013)","2010","2010","IDX","Index","0","Units",,,2.6587303,,
"SVK","Slovak Republic","EPRC_V2","Version 2 (1998-2013)","2011","2011","IDX","Index","0","Units",,,2.6587303,,
"SVK","Slovak Republic","EPRC_V2","Version 2 (1998-2013)","2012","2012","IDX","Index","0","Units",,,2.1887755,,
"SVK","Slovak Republic","EPRC_V2","Version 2 (1998-2013)","2013","2013","IDX","Index","0","Units",,,2.2794785,,
"ESP","Spain","EPRC_V2","Version 2 (1998-2013)","2008","2008","IDX","Index","0","Units",,,2.7551022,,
"ESP","Spain","EPRC_V2","Version 2 (1998-2013)","2009","2009","IDX","Index","0","Units",,,2.7551022,,
"ESP","Spain","EPRC_V2","Version 2 (1998-2013)","2010","2010","IDX","Index","0","Units",,,2.7551022,,
"ESP","Spain","EPRC_V2","Version 2 (1998-2013)","2011","2011","IDX","Index","0","Units",,,2.6530612,,
"ESP","Spain","EPRC_V2","Version 2 (1998-2013)","2012","2012","IDX","Index","0","Units",,,2.6530612,,
"ESP","Spain","EPRC_V2","Version 2 (1998-2013)","2013","2013","IDX","Index","0","Units",,,2.4268708,,
"SWE","Sweden","EPRC_V2","Version 2 (1998-2013)","2008","2008","IDX","Index","0","Units",,,2.5765307,,
"SWE","Sweden","EPRC_V2","Version 2 (1998-2013)","2009","2009","IDX","Index","0","Units",,,2.5765307,,
"SWE","Sweden","EPRC_V2","Version 2 (1998-2013)","2010","2010","IDX","Index","0","Units",,,2.5765307,,
"SWE","Sweden","EPRC_V2","Version 2 (1998-2013)","2011","2011","IDX","Index","0","Units",,,2.5765307,,
"SWE","Sweden","EPRC_V2","Version 2 (1998-2013)","2012","2012","IDX","Index","0","Units",,,2.5765307,,
"SWE","Sweden","EPRC_V2","Version 2 (1998-2013)","2013","2013","IDX","Index","0","Units",,,2.5765307,,
"CHE","Switzerland","EPRC_V2","Version 2 (1998-2013)","2008","2008","IDX","Index","0","Units",,,2.1751699,,
"CHE","Switzerland","EPRC_V2","Version 2 (1998-2013)","2009","2009","IDX","Index","0","Units",,,2.1751699,,
"CHE","Switzerland","EPRC_V2","Version 2 (1998-2013)","2010","2010","IDX","Index","0","Units",,,2.1751699,,
"CHE","Switzerland","EPRC_V2","Version 2 (1998-2013)","2011","2011","IDX","Index","0","Units",,,2.1751699,,
"CHE","Switzerland","EPRC_V2","Version 2 (1998-2013)","2012","2012","IDX","Index","0","Units",,,2.1751699,,
"CHE","Switzerland","EPRC_V2","Version 2 (1998-2013)","2013","2013","IDX","Index","0","Units",,,2.1751699,,
"TUR","Turkey","EPRC_V2","Version 2 (1998-2013)","2008","2008","IDX","Index","0","Units",,,2.3996599,,
"TUR","Turkey","EPRC_V2","Version 2 (1998-2013)","2009","2009","IDX","Index","0","Units",,,2.3996599,,
"TUR","Turkey","EPRC_V2","Version 2 (1998-2013)","2010","2010","IDX","Index","0","Units",,,2.3996599,,
"TUR","Turkey","EPRC_V2","Version 2 (1998-2013)","2011","2011","IDX","Index","0","Units",,,2.3996599,,
"TUR","Turkey","EPRC_V2","Version 2 (1998-2013)","2012","2012","IDX","Index","0","Units",,,2.3996599,,
"TUR","Turkey","EPRC_V2","Version 2 (1998-2013)","2013","2013","IDX","Index","0","Units",,,2.3996599,,
"GBR","United Kingdom","EPRC_V2","Version 2 (1998-2013)","2008","2008","IDX","Index","0","Units",,,1.722789,,
"GBR","United Kingdom","EPRC_V2","Version 2 (1998-2013)","2009","2009","IDX","Index","0","Units",,,1.722789,,
"GBR","United Kingdom","EPRC_V2","Version 2 (1998-2013)","2010","2010","IDX","Index","0","Units",,,1.722789,,
"GBR","United Kingdom","EPRC_V2","Version 2 (1998-2013)","2011","2011","IDX","Index","0","Units",,,1.722789,,
"GBR","United Kingdom","EPRC_V2","Version 2 (1998-2013)","2012","2012","IDX","Index","0","Units",,,1.722789,,
"GBR","United Kingdom","EPRC_V2","Version 2 (1998-2013)","2013","2013","IDX","Index","0","Units",,,1.6037415,,
"GBR","United Kingdom","EPRC_V2","Version 2 (1998-2013)","2014","2014","IDX","Index","0","Units",,,1.5323129,,
"USA","United States","EPRC_V2","Version 2 (1998-2013)","2008","2008","IDX","Index","0","Units",,,1.0047619,,
"USA","United States","EPRC_V2","Version 2 (1998-2013)","2009","2009","IDX","Index","0","Units",,,1.0047619,,
"USA","United States","EPRC_V2","Version 2 (1998-2013)","2010","2010","IDX","Index","0","Units",,,1.0047619,,
"USA","United States","EPRC_V2","Version 2 (1998-2013)","2011","2011","IDX","Index","0","Units",,,1.0047619,,
"USA","United States","EPRC_V2","Version 2 (1998-2013)","2012","2012","IDX","Index","0","Units",,,1.0047619,,
"USA","United States","EPRC_V2","Version 2 (1998-2013)","2013","2013","IDX","Index","0","Units",,,1.0047619,,
"ISR","Israel","EPRC_V2","Version 2 (1998-2013)","2008","2008","IDX","Index","0","Units",,,1.989796,,
"ISR","Israel","EPRC_V2","Version 2 (1998-2013)","2009","2009","IDX","Index","0","Units",,,1.989796,,
"ISR","Israel","EPRC_V2","Version 2 (1998-2013)","2010","2010","IDX","Index","0","Units",,,1.989796,,
"ISR","Israel","EPRC_V2","Version 2 (1998-2013)","2011","2011","IDX","Index","0","Units",,,1.989796,,
"ISR","Israel","EPRC_V2","Version 2 (1998-2013)","2012","2012","IDX","Index","0","Units",,,1.989796,,
"ISR","Israel","EPRC_V2","Version 2 (1998-2013)","2013","2013","IDX","Index","0","Units",,,1.989796,,
"BRA","Brazil","EPRC_V2","Version 2 (1998-2013)","2008","2008","IDX","Index","0","Units",,,1.0232426,,
"BRA","Brazil","EPRC_V2","Version 2 (1998-2013)","2009","2009","IDX","Index","0","Units",,,1.0232426,,
"BRA","Brazil","EPRC_V2","Version 2 (1998-2013)","2010","2010","IDX","Index","0","Units",,,1.4518141,,
"BRA","Brazil","EPRC_V2","Version 2 (1998-2013)","2011","2011","IDX","Index","0","Units",,,1.4518141,,
"BRA","Brazil","EPRC_V2","Version 2 (1998-2013)","2012","2012","IDX","Index","0","Units",,,1.5198413,,
"CHL","Chile","EPRC_V2","Version 2 (1998-2013)","2008","2008","IDX","Index","0","Units",,,1.8764173,,
"CHL","Chile","EPRC_V2","Version 2 (1998-2013)","2009","2009","IDX","Index","0","Units",,,1.8764173,,
"CHL","Chile","EPRC_V2","Version 2 (1998-2013)","2010","2010","IDX","Index","0","Units",,,1.8764173,,
"CHL","Chile","EPRC_V2","Version 2 (1998-2013)","2011","2011","IDX","Index","0","Units",,,1.8764173,,
"CHL","Chile","EPRC_V2","Version 2 (1998-2013)","2012","2012","IDX","Index","0","Units",,,1.8764173,,
"CHL","Chile","EPRC_V2","Version 2 (1998-2013)","2013","2013","IDX","Index","0","Units",,,1.8764173,,
"CHN","China","EPRC_V2","Version 2 (1998-2013)","2008","2008","IDX","Index","0","Units",,,2.9699547,,
"CHN","China","EPRC_V2","Version 2 (1998-2013)","2009","2009","IDX","Index","0","Units",,,2.9699547,,
"CHN","China","EPRC_V2","Version 2 (1998-2013)","2010","2010","IDX","Index","0","Units",,,2.9699547,,
"CHN","China","EPRC_V2","Version 2 (1998-2013)","2011","2011","IDX","Index","0","Units",,,2.9699547,,
"CHN","China","EPRC_V2","Version 2 (1998-2013)","2012","2012","IDX","Index","0","Units",,,2.9699547,,
"IDN","Indonesia","EPRC_V2","Version 2 (1998-2013)","2008","2008","IDX","Index","0","Units",,,2.9109979,,
"IDN","Indonesia","EPRC_V2","Version 2 (1998-2013)","2009","2009","IDX","Index","0","Units",,,2.9109979,,
"IDN","Indonesia","EPRC_V2","Version 2 (1998-2013)","2010","2010","IDX","Index","0","Units",,,2.9109979,,
"IDN","Indonesia","EPRC_V2","Version 2 (1998-2013)","2011","2011","IDX","Index","0","Units",,,2.9109979,,
"IDN","Indonesia","EPRC_V2","Version 2 (1998-2013)","2012","2012","IDX","Index","0","Units",,,2.9109979,,
"IND","India","EPRC_V2","Version 2 (1998-2013)","2008","2008","IDX","Index","0","Units",,,2.4719386,,
"IND","India","EPRC_V2","Version 2 (1998-2013)","2009","2009","IDX","Index","0","Units",,,2.4719386,,
"IND","India","EPRC_V2","Version 2 (1998-2013)","2010","2010","IDX","Index","0","Units",,,2.4719386,,
"IND","India","EPRC_V2","Version 2 (1998-2013)","2011","2011","IDX","Index","0","Units",,,2.4719386,,
"IND","India","EPRC_V2","Version 2 (1998-2013)","2012","2012","IDX","Index","0","Units",,,2.4719386,,
"SVN","Slovenia","EPRC_V2","Version 2 (1998-2013)","2008","2008","IDX","Index","0","Units",,,2.8577096,,
"SVN","Slovenia","EPRC_V2","Version 2 (1998-2013)","2009","2009","IDX","Index","0","Units",,,2.8577096,,
"SVN","Slovenia","EPRC_V2","Version 2 (1998-2013)","2010","2010","IDX","Index","0","Units",,,2.8577096,,
"SVN","Slovenia","EPRC_V2","Version 2 (1998-2013)","2011","2011","IDX","Index","0","Units",,,2.8236961,,
"SVN","Slovenia","EPRC_V2","Version 2 (1998-2013)","2012","2012","IDX","Index","0","Units",,,2.8236961,,
"SVN","Slovenia","EPRC_V2","Version 2 (1998-2013)","2013","2013","IDX","Index","0","Units",,,2.8236961,,
"SVN","Slovenia","EPRC_V2","Version 2 (1998-2013)","2014","2014","IDX","Index","0","Units",,,2.5062358,,
"ZAF","South Africa","EPRC_V2","Version 2 (1998-2013)","2008","2008","IDX","Index","0","Units",,,2.0776644,,
"ZAF","South Africa","EPRC_V2","Version 2 (1998-2013)","2009","2009","IDX","Index","0","Units",,,2.0776644,,
"ZAF","South Africa","EPRC_V2","Version 2 (1998-2013)","2010","2010","IDX","Index","0","Units",,,2.0776644,,
"ZAF","South Africa","EPRC_V2","Version 2 (1998-2013)","2011","2011","IDX","Index","0","Units",,,2.0776644,,
"ZAF","South Africa","EPRC_V2","Version 2 (1998-2013)","2012","2012","IDX","Index","0","Units",,,2.0776644,,
"EST","Estonia","EPRC_V2","Version 2 (1998-2013)","2008","2008","IDX","Index","0","Units",,,2.4586167,,
"EST","Estonia","EPRC_V2","Version 2 (1998-2013)","2009","2009","IDX","Index","0","Units",,,2.4586167,,
"EST","Estonia","EPRC_V2","Version 2 (1998-2013)","2010","2010","IDX","Index","0","Units",,,2.1139455,,
"EST","Estonia","EPRC_V2","Version 2 (1998-2013)","2011","2011","IDX","Index","0","Units",,,2.1139455,,
"EST","Estonia","EPRC_V2","Version 2 (1998-2013)","2012","2012","IDX","Index","0","Units",,,2.1139455,,
"EST","Estonia","EPRC_V2","Version 2 (1998-2013)","2013","2013","IDX","Index","0","Units",,,2.1139455,,
"RUS","Russian Federation","EPRC_V2","Version 2 (1998-2013)","2008","2008","IDX","Index","0","Units",,,2.61678,,
"RUS","Russian Federation","EPRC_V2","Version 2 (1998-2013)","2009","2009","IDX","Index","0","Units",,,2.61678,,
"RUS","Russian Federation","EPRC_V2","Version 2 (1998-2013)","2010","2010","IDX","Index","0","Units",,,2.61678,,
"RUS","Russian Federation","EPRC_V2","Version 2 (1998-2013)","2011","2011","IDX","Index","0","Units",,,2.61678,,
"RUS","Russian Federation","EPRC_V2","Version 2 (1998-2013)","2012","2012","IDX","Index","0","Units",,,2.61678,,
"LVA","Latvia","EPRC_V2","Version 2 (1998-2013)","2012","2012","IDX","Index","0","Units",,,2.9903629,,
"LVA","Latvia","EPRC_V2","Version 2 (1998-2013)","2013","2013","IDX","Index","0","Units",,,2.9903629,,
"ARG","Argentina","EPRC_V2","Version 2 (1998-2013)","2012","2012","IDX","Index","0","Units",,,2.4053288,,
"ARG","Argentina","EPRC_V2","Version 2 (1998-2013)","2013","2013","IDX","Index","0","Units",,,2.4053288,,
"ARG","Argentina","EPRC_V2","Version 2 (1998-2013)","2014","2014","IDX","Index","0","Units",,,2.4053288,,
"SAU","Saudi Arabia","EPRC_V2","Version 2 (1998-2013)","2008","2008","IDX","Index","0","Units",,,0.98072565,,
"SAU","Saudi Arabia","EPRC_V2","Version 2 (1998-2013)","2009","2009","IDX","Index","0","Units",,,0.98072565,,
"SAU","Saudi Arabia","EPRC_V2","Version 2 (1998-2013)","2010","2010","IDX","Index","0","Units",,,0.98072565,,
"SAU","Saudi Arabia","EPRC_V2","Version 2 (1998-2013)","2011","2011","IDX","Index","0","Units",,,0.98072565,,
"SAU","Saudi Arabia","EPRC_V2","Version 2 (1998-2013)","2012","2012","IDX","Index","0","Units",,,0.98072565,,
"AUS","Australia","EPRC_V3","Version 3 (2008-2013)","2008","2008","IDX","Index","0","Units",,,1.6309524,,
"AUS","Australia","EPRC_V3","Version 3 (2008-2013)","2009","2009","IDX","Index","0","Units",,,1.6309524,,
"AUS","Australia","EPRC_V3","Version 3 (2008-2013)","2010","2010","IDX","Index","0","Units",,,1.9880953,,
"AUS","Australia","EPRC_V3","Version 3 (2008-2013)","2011","2011","IDX","Index","0","Units",,,1.9880953,,
"AUS","Australia","EPRC_V3","Version 3 (2008-2013)","2012","2012","IDX","Index","0","Units",,,1.9880953,,
"AUS","Australia","EPRC_V3","Version 3 (2008-2013)","2013","2013","IDX","Index","0","Units",,,1.9404762,,
"AUT","Austria","EPRC_V3","Version 3 (2008-2013)","2008","2008","IDX","Index","0","Units",,,2.4421768,,
"AUT","Austria","EPRC_V3","Version 3 (2008-2013)","2009","2009","IDX","Index","0","Units",,,2.4421768,,
"AUT","Austria","EPRC_V3","Version 3 (2008-2013)","2010","2010","IDX","Index","0","Units",,,2.4421768,,
"AUT","Austria","EPRC_V3","Version 3 (2008-2013)","2011","2011","IDX","Index","0","Units",,,2.4421768,,
"AUT","Austria","EPRC_V3","Version 3 (2008-2013)","2012","2012","IDX","Index","0","Units",,,2.4421768,,
"AUT","Austria","EPRC_V3","Version 3 (2008-2013)","2013","2013","IDX","Index","0","Units",,,2.4421768,,
"BEL","Belgium","EPRC_V3","Version 3 (2008-2013)","2008","2008","IDX","Index","0","Units",,,2.9948978,,
"BEL","Belgium","EPRC_V3","Version 3 (2008-2013)","2009","2009","IDX","Index","0","Units",,,2.9948978,,
"BEL","Belgium","EPRC_V3","Version 3 (2008-2013)","2010","2010","IDX","Index","0","Units",,,3.1309524,,
"BEL","Belgium","EPRC_V3","Version 3 (2008-2013)","2011","2011","IDX","Index","0","Units",,,3.1309524,,
"BEL","Belgium","EPRC_V3","Version 3 (2008-2013)","2012","2012","IDX","Index","0","Units",,,2.9948978,,
"BEL","Belgium","EPRC_V3","Version 3 (2008-2013)","2013","2013","IDX","Index","0","Units",,,2.9948978,,
"CAN","Canada","EPRC_V3","Version 3 (2008-2013)","2008","2008","IDX","Index","0","Units",,,1.5058106,,
"CAN","Canada","EPRC_V3","Version 3 (2008-2013)","2009","2009","IDX","Index","0","Units",,,1.5058106,,
"CAN","Canada","EPRC_V3","Version 3 (2008-2013)","2010","2010","IDX","Index","0","Units",,,1.5058106,,
"CAN","Canada","EPRC_V3","Version 3 (2008-2013)","2011","2011","IDX","Index","0","Units",,,1.5058106,,
"CAN","Canada","EPRC_V3","Version 3 (2008-2013)","2012","2012","IDX","Index","0","Units",,,1.5058106,,
"CAN","Canada","EPRC_V3","Version 3 (2008-2013)","2013","2013","IDX","Index","0","Units",,,1.5058106,,
"CZE","Czech Republic","EPRC_V3","Version 3 (2008-2013)","2008","2008","IDX","Index","0","Units",,,2.7511337,,
"CZE","Czech Republic","EPRC_V3","Version 3 (2008-2013)","2009","2009","IDX","Index","0","Units",,,2.7511337,,
"CZE","Czech Republic","EPRC_V3","Version 3 (2008-2013)","2010","2010","IDX","Index","0","Units",,,2.7511337,,
"CZE","Czech Republic","EPRC_V3","Version 3 (2008-2013)","2011","2011","IDX","Index","0","Units",,,2.7511337,,
"CZE","Czech Republic","EPRC_V3","Version 3 (2008-2013)","2012","2012","IDX","Index","0","Units",,,2.6604307,,
"CZE","Czech Republic","EPRC_V3","Version 3 (2008-2013)","2013","2013","IDX","Index","0","Units",,,2.6604307,,
"DNK","Denmark","EPRC_V3","Version 3 (2008-2013)","2008","2008","IDX","Index","0","Units",,,2.2749434,,
"DNK","Denmark","EPRC_V3","Version 3 (2008-2013)","2009","2009","IDX","Index","0","Units",,,2.2749434,,
"DNK","Denmark","EPRC_V3","Version 3 (2008-2013)","2010","2010","IDX","Index","0","Units",,,2.2749434,,
"DNK","Denmark","EPRC_V3","Version 3 (2008-2013)","2011","2011","IDX","Index","0","Units",,,2.3202949,,
"DNK","Denmark","EPRC_V3","Version 3 (2008-2013)","2012","2012","IDX","Index","0","Units",,,2.3202949,,
"DNK","Denmark","EPRC_V3","Version 3 (2008-2013)","2013","2013","IDX","Index","0","Units",,,2.3202949,,
"FIN","Finland","EPRC_V3","Version 3 (2008-2013)","2008","2008","IDX","Index","0","Units",,,2.1666667,,
"FIN","Finland","EPRC_V3","Version 3 (2008-2013)","2009","2009","IDX","Index","0","Units",,,2.1666667,,
"FIN","Finland","EPRC_V3","Version 3 (2008-2013)","2010","2010","IDX","Index","0","Units",,,2.1666667,,
"FIN","Finland","EPRC_V3","Version 3 (2008-2013)","2011","2011","IDX","Index","0","Units",,,2.1666667,,
"FIN","Finland","EPRC_V3","Version 3 (2008-2013)","2012","2012","IDX","Index","0","Units",,,2.1666667,,
"FIN","Finland","EPRC_V3","Version 3 (2008-2013)","2013","2013","IDX","Index","0","Units",,,2.1666667,,
"FRA","France","EPRC_V3","Version 3 (2008-2013)","2008","2008","IDX","Index","0","Units",,,2.8701813,,
"FRA","France","EPRC_V3","Version 3 (2008-2013)","2009","2009","IDX","Index","0","Units",,,2.8225625,,
"FRA","France","EPRC_V3","Version 3 (2008-2013)","2010","2010","IDX","Index","0","Units",,,2.8225625,,
"FRA","France","EPRC_V3","Version 3 (2008-2013)","2011","2011","IDX","Index","0","Units",,,2.8225625,,
"FRA","France","EPRC_V3","Version 3 (2008-2013)","2012","2012","IDX","Index","0","Units",,,2.8225625,,
"FRA","France","EPRC_V3","Version 3 (2008-2013)","2013","2013","IDX","Index","0","Units",,,2.8225625,,
"DEU","Germany","EPRC_V3","Version 3 (2008-2013)","2008","2008","IDX","Index","0","Units",,,2.8418367,,
"DEU","Germany","EPRC_V3","Version 3 (2008-2013)","2009","2009","IDX","Index","0","Units",,,2.8418367,,
"DEU","Germany","EPRC_V3","Version 3 (2008-2013)","2010","2010","IDX","Index","0","Units",,,2.8418367,,
"DEU","Germany","EPRC_V3","Version 3 (2008-2013)","2011","2011","IDX","Index","0","Units",,,2.8418367,,
"DEU","Germany","EPRC_V3","Version 3 (2008-2013)","2012","2012","IDX","Index","0","Units",,,2.8418367,,
"DEU","Germany","EPRC_V3","Version 3 (2008-2013)","2013","2013","IDX","Index","0","Units",,,2.8418367,,
"GRC","Greece","EPRC_V3","Version 3 (2008-2013)","2008","2008","IDX","Index","0","Units",,,2.8503401,,
"GRC","Greece","EPRC_V3","Version 3 (2008-2013)","2009","2009","IDX","Index","0","Units",,,2.8503401,,
"GRC","Greece","EPRC_V3","Version 3 (2008-2013)","2010","2010","IDX","Index","0","Units",,,2.8503401,,
"GRC","Greece","EPRC_V3","Version 3 (2008-2013)","2011","2011","IDX","Index","0","Units",,,2.4444444,,
"GRC","Greece","EPRC_V3","Version 3 (2008-2013)","2012","2012","IDX","Index","0","Units",,,2.4444444,,
"GRC","Greece","EPRC_V3","Version 3 (2008-2013)","2013","2013","IDX","Index","0","Units",,,2.4104307,,
"HUN","Hungary","EPRC_V3","Version 3 (2008-2013)","2008","2008","IDX","Index","0","Units",,,2.2647393,,
"HUN","Hungary","EPRC_V3","Version 3 (2008-2013)","2009","2009","IDX","Index","0","Units",,,2.2647393,,
"HUN","Hungary","EPRC_V3","Version 3 (2008-2013)","2010","2010","IDX","Index","0","Units",,,2.2647393,,
"HUN","Hungary","EPRC_V3","Version 3 (2008-2013)","2011","2011","IDX","Index","0","Units",,,2.2647393,,
"HUN","Hungary","EPRC_V3","Version 3 (2008-2013)","2012","2012","IDX","Index","0","Units",,,2.2647393,,
"HUN","Hungary","EPRC_V3","Version 3 (2008-2013)","2013","2013","IDX","Index","0","Units",,,2.0742631,,
"ISL","Iceland","EPRC_V3","Version 3 (2008-2013)","2008","2008","IDX","Index","0","Units",,,2.4580498,,
"ISL","Iceland","EPRC_V3","Version 3 (2008-2013)","2009","2009","IDX","Index","0","Units",,,2.4580498,,
"ISL","Iceland","EPRC_V3","Version 3 (2008-2013)","2010","2010","IDX","Index","0","Units",,,2.4580498,,
"ISL","Iceland","EPRC_V3","Version 3 (2008-2013)","2011","2011","IDX","Index","0","Units",,,2.4580498,,
"ISL","Iceland","EPRC_V3","Version 3 (2008-2013)","2012","2012","IDX","Index","0","Units",,,2.4580498,,
"ISL","Iceland","EPRC_V3","Version 3 (2008-2013)","2013","2013","IDX","Index","0","Units",,,2.4580498,,
"IRL","Ireland","EPRC_V3","Version 3 (2008-2013)","2008","2008","IDX","Index","0","Units",,,1.978458,,
"IRL","Ireland","EPRC_V3","Version 3 (2008-2013)","2009","2009","IDX","Index","0","Units",,,1.978458,,
"IRL","Ireland","EPRC_V3","Version 3 (2008-2013)","2010","2010","IDX","Index","0","Units",,,1.978458,,
"IRL","Ireland","EPRC_V3","Version 3 (2008-2013)","2011","2011","IDX","Index","0","Units",,,1.978458,,
"IRL","Ireland","EPRC_V3","Version 3 (2008-2013)","2012","2012","IDX","Index","0","Units",,,2.0691609,,
"IRL","Ireland","EPRC_V3","Version 3 (2008-2013)","2013","2013","IDX","Index","0","Units",,,2.0691609,,
"ITA","Italy","EPRC_V3","Version 3 (2008-2013)","2008","2008","IDX","Index","0","Units",,,3.0323131,,
"ITA","Italy","EPRC_V3","Version 3 (2008-2013)","2009","2009","IDX","Index","0","Units",,,3.0323131,,
"ITA","Italy","EPRC_V3","Version 3 (2008-2013)","2010","2010","IDX","Index","0","Units",,,3.0323131,,
"ITA","Italy","EPRC_V3","Version 3 (2008-2013)","2011","2011","IDX","Index","0","Units",,,3.0323131,,
"ITA","Italy","EPRC_V3","Version 3 (2008-2013)","2012","2012","IDX","Index","0","Units",,,3.0323131,,
"ITA","Italy","EPRC_V3","Version 3 (2008-2013)","2013","2013","IDX","Index","0","Units",,,2.8894558,,
"JPN","Japan","EPRC_V3","Version 3 (2008-2013)","2008","2008","IDX","Index","0","Units",,,2.0850341,,
"JPN","Japan","EPRC_V3","Version 3 (2008-2013)","2009","2009","IDX","Index","0","Units",,,2.0850341,,
"JPN","Japan","EPRC_V3","Version 3 (2008-2013)","2010","2010","IDX","Index","0","Units",,,2.0850341,,
"JPN","Japan","EPRC_V3","Version 3 (2008-2013)","2011","2011","IDX","Index","0","Units",,,2.0850341,,
"JPN","Japan","EPRC_V3","Version 3 (2008-2013)","2012","2012","IDX","Index","0","Units",,,2.0850341,,
"JPN","Japan","EPRC_V3","Version 3 (2008-2013)","2013","2013","IDX","Index","0","Units",,,2.0850341,,
"KOR","Korea","EPRC_V3","Version 3 (2008-2013)","2008","2008","IDX","Index","0","Units",,,2.1683674,,
"KOR","Korea","EPRC_V3","Version 3 (2008-2013)","2009","2009","IDX","Index","0","Units",,,2.1683674,,
"KOR","Korea","EPRC_V3","Version 3 (2008-2013)","2010","2010","IDX","Index","0","Units",,,2.1683674,,
"KOR","Korea","EPRC_V3","Version 3 (2008-2013)","2011","2011","IDX","Index","0","Units",,,2.1683674,,
"KOR","Korea","EPRC_V3","Version 3 (2008-2013)","2012","2012","IDX","Index","0","Units",,,2.1683674,,
"KOR","Korea","EPRC_V3","Version 3 (2008-2013)","2013","2013","IDX","Index","0","Units",,,2.1683674,,
"LUX","Luxembourg","EPRC_V3","Version 3 (2008-2013)","2008","2008","IDX","Index","0","Units",,,2.7352607,,
"LUX","Luxembourg","EPRC_V3","Version 3 (2008-2013)","2009","2009","IDX","Index","0","Units",,,2.7352607,,
"LUX","Luxembourg","EPRC_V3","Version 3 (2008-2013)","2010","2010","IDX","Index","0","Units",,,2.7352607,,
"LUX","Luxembourg","EPRC_V3","Version 3 (2008-2013)","2011","2011","IDX","Index","0","Units",,,2.7352607,,
"LUX","Luxembourg","EPRC_V3","Version 3 (2008-2013)","2012","2012","IDX","Index","0","Units",,,2.7352607,,
"LUX","Luxembourg","EPRC_V3","Version 3 (2008-2013)","2013","2013","IDX","Index","0","Units",,,2.7352607,,
"MEX","Mexico","EPRC_V3","Version 3 (2008-2013)","2008","2008","IDX","Index","0","Units",,,2.7103176,,
"MEX","Mexico","EPRC_V3","Version 3 (2008-2013)","2009","2009","IDX","Index","0","Units",,,2.7103176,,
"MEX","Mexico","EPRC_V3","Version 3 (2008-2013)","2010","2010","IDX","Index","0","Units",,,2.7103176,,
"MEX","Mexico","EPRC_V3","Version 3 (2008-2013)","2011","2011","IDX","Index","0","Units",,,2.7103176,,
"MEX","Mexico","EPRC_V3","Version 3 (2008-2013)","2012","2012","IDX","Index","0","Units",,,2.7103176,,
"MEX","Mexico","EPRC_V3","Version 3 (2008-2013)","2013","2013","IDX","Index","0","Units",,,2.6150794,,
"NLD","Netherlands","EPRC_V3","Version 3 (2008-2013)","2008","2008","IDX","Index","0","Units",,,2.9297051,,
"NLD","Netherlands","EPRC_V3","Version 3 (2008-2013)","2009","2009","IDX","Index","0","Units",,,2.8843536,,
"NLD","Netherlands","EPRC_V3","Version 3 (2008-2013)","2010","2010","IDX","Index","0","Units",,,2.8843536,,
"NLD","Netherlands","EPRC_V3","Version 3 (2008-2013)","2011","2011","IDX","Index","0","Units",,,2.8843536,,
"NLD","Netherlands","EPRC_V3","Version 3 (2008-2013)","2012","2012","IDX","Index","0","Units",,,2.8843536,,
"NLD","Netherlands","EPRC_V3","Version 3 (2008-2013)","2013","2013","IDX","Index","0","Units",,,2.9379251,,
"NZL","New Zealand","EPRC_V3","Version 3 (2008-2013)","2008","2008","IDX","Index","0","Units",,,1.1020409,,
"NZL","New Zealand","EPRC_V3","Version 3 (2008-2013)","2009","2009","IDX","Index","0","Units",,,1.1020409,,
"NZL","New Zealand","EPRC_V3","Version 3 (2008-2013)","2010","2010","IDX","Index","0","Units",,,1.1020409,,
"NZL","New Zealand","EPRC_V3","Version 3 (2008-2013)","2011","2011","IDX","Index","0","Units",,,1.1020409,,
"NZL","New Zealand","EPRC_V3","Version 3 (2008-2013)","2012","2012","IDX","Index","0","Units",,,1.0068028,,
"NZL","New Zealand","EPRC_V3","Version 3 (2008-2013)","2013","2013","IDX","Index","0","Units",,,1.0068028,,
"NOR","Norway","EPRC_V3","Version 3 (2008-2013)","2008","2008","IDX","Index","0","Units",,,2.3095238,,
"NOR","Norway","EPRC_V3","Version 3 (2008-2013)","2009","2009","IDX","Index","0","Units",,,2.3095238,,
"NOR","Norway","EPRC_V3","Version 3 (2008-2013)","2010","2010","IDX","Index","0","Units",,,2.3095238,,
"NOR","Norway","EPRC_V3","Version 3 (2008-2013)","2011","2011","IDX","Index","0","Units",,,2.3095238,,
"NOR","Norway","EPRC_V3","Version 3 (2008-2013)","2012","2012","IDX","Index","0","Units",,,2.3095238,,
"NOR","Norway","EPRC_V3","Version 3 (2008-2013)","2013","2013","IDX","Index","0","Units",,,2.3095238,,
"POL","Poland","EPRC_V3","Version 3 (2008-2013)","2008","2008","IDX","Index","0","Units",,,2.3905897,,
"POL","Poland","EPRC_V3","Version 3 (2008-2013)","2009","2009","IDX","Index","0","Units",,,2.3905897,,
"POL","Poland","EPRC_V3","Version 3 (2008-2013)","2010","2010","IDX","Index","0","Units",,,2.3905897,,
"POL","Poland","EPRC_V3","Version 3 (2008-2013)","2011","2011","IDX","Index","0","Units",,,2.3905897,,
"POL","Poland","EPRC_V3","Version 3 (2008-2013)","2012","2012","IDX","Index","0","Units",,,2.3905897,,
"POL","Poland","EPRC_V3","Version 3 (2008-2013)","2013","2013","IDX","Index","0","Units",,,2.3905897,,
"PRT","Portugal","EPRC_V3","Version 3 (2008-2013)","2008","2008","IDX","Index","0","Units",,,3.5119047,,
"PRT","Portugal","EPRC_V3","Version 3 (2008-2013)","2009","2009","IDX","Index","0","Units",,,3.5119047,,
"PRT","Portugal","EPRC_V3","Version 3 (2008-2013)","2010","2010","IDX","Index","0","Units",,,3.3078232,,
"PRT","Portugal","EPRC_V3","Version 3 (2008-2013)","2011","2011","IDX","Index","0","Units",,,3.3078232,,
"PRT","Portugal","EPRC_V3","Version 3 (2008-2013)","2012","2012","IDX","Index","0","Units",,,2.8996599,,
"PRT","Portugal","EPRC_V3","Version 3 (2008-2013)","2013","2013","IDX","Index","0","Units",,,2.6853743,,
"SVK","Slovak Republic","EPRC_V3","Version 3 (2008-2013)","2008","2008","IDX","Index","0","Units",,,2.6349208,,
"SVK","Slovak Republic","EPRC_V3","Version 3 (2008-2013)","2009","2009","IDX","Index","0","Units",,,2.6349208,,
"SVK","Slovak Republic","EPRC_V3","Version 3 (2008-2013)","2010","2010","IDX","Index","0","Units",,,2.6349208,,
"SVK","Slovak Republic","EPRC_V3","Version 3 (2008-2013)","2011","2011","IDX","Index","0","Units",,,2.6349208,,
"SVK","Slovak Republic","EPRC_V3","Version 3 (2008-2013)","2012","2012","IDX","Index","0","Units",,,2.1649661,,
"SVK","Slovak Republic","EPRC_V3","Version 3 (2008-2013)","2013","2013","IDX","Index","0","Units",,,2.2556689,,
"ESP","Spain","EPRC_V3","Version 3 (2008-2013)","2008","2008","IDX","Index","0","Units",,,2.6598639,,
"ESP","Spain","EPRC_V3","Version 3 (2008-2013)","2009","2009","IDX","Index","0","Units",,,2.6598639,,
"ESP","Spain","EPRC_V3","Version 3 (2008-2013)","2010","2010","IDX","Index","0","Units",,,2.6598639,,
"ESP","Spain","EPRC_V3","Version 3 (2008-2013)","2011","2011","IDX","Index","0","Units",,,2.5578232,,
"ESP","Spain","EPRC_V3","Version 3 (2008-2013)","2012","2012","IDX","Index","0","Units",,,2.5578232,,
"ESP","Spain","EPRC_V3","Version 3 (2008-2013)","2013","2013","IDX","Index","0","Units",,,2.3554423,,
"SWE","Sweden","EPRC_V3","Version 3 (2008-2013)","2008","2008","IDX","Index","0","Units",,,2.5170066,,
"SWE","Sweden","EPRC_V3","Version 3 (2008-2013)","2009","2009","IDX","Index","0","Units",,,2.5170066,,
"SWE","Sweden","EPRC_V3","Version 3 (2008-2013)","2010","2010","IDX","Index","0","Units",,,2.5170066,,
"SWE","Sweden","EPRC_V3","Version 3 (2008-2013)","2011","2011","IDX","Index","0","Units",,,2.5170066,,
"SWE","Sweden","EPRC_V3","Version 3 (2008-2013)","2012","2012","IDX","Index","0","Units",,,2.5170066,,
"SWE","Sweden","EPRC_V3","Version 3 (2008-2013)","2013","2013","IDX","Index","0","Units",,,2.5170066,,
"CHE","Switzerland","EPRC_V3","Version 3 (2008-2013)","2008","2008","IDX","Index","0","Units",,,2.1037414,,
"CHE","Switzerland","EPRC_V3","Version 3 (2008-2013)","2009","2009","IDX","Index","0","Units",,,2.1037414,,
"CHE","Switzerland","EPRC_V3","Version 3 (2008-2013)","2010","2010","IDX","Index","0","Units",,,2.1037414,,
"CHE","Switzerland","EPRC_V3","Version 3 (2008-2013)","2011","2011","IDX","Index","0","Units",,,2.1037414,,
"CHE","Switzerland","EPRC_V3","Version 3 (2008-2013)","2012","2012","IDX","Index","0","Units",,,2.1037414,,
"CHE","Switzerland","EPRC_V3","Version 3 (2008-2013)","2013","2013","IDX","Index","0","Units",,,2.1037414,,
"TUR","Turkey","EPRC_V3","Version 3 (2008-2013)","2008","2008","IDX","Index","0","Units",,,2.3282313,,
"TUR","Turkey","EPRC_V3","Version 3 (2008-2013)","2009","2009","IDX","Index","0","Units",,,2.3282313,,
"TUR","Turkey","EPRC_V3","Version 3 (2008-2013)","2010","2010","IDX","Index","0","Units",,,2.3282313,,
"TUR","Turkey","EPRC_V3","Version 3 (2008-2013)","2011","2011","IDX","Index","0","Units",,,2.3282313,,
"TUR","Turkey","EPRC_V3","Version 3 (2008-2013)","2012","2012","IDX","Index","0","Units",,,2.3282313,,
"TUR","Turkey","EPRC_V3","Version 3 (2008-2013)","2013","2013","IDX","Index","0","Units",,,2.3282313,,
"GBR","United Kingdom","EPRC_V3","Version 3 (2008-2013)","2008","2008","IDX","Index","0","Units",,,1.7585034,,
"GBR","United Kingdom","EPRC_V3","Version 3 (2008-2013)","2009","2009","IDX","Index","0","Units",,,1.7585034,,
"GBR","United Kingdom","EPRC_V3","Version 3 (2008-2013)","2010","2010","IDX","Index","0","Units",,,1.7585034,,
"GBR","United Kingdom","EPRC_V3","Version 3 (2008-2013)","2011","2011","IDX","Index","0","Units",,,1.7585034,,
"GBR","United Kingdom","EPRC_V3","Version 3 (2008-2013)","2012","2012","IDX","Index","0","Units",,,1.7585034,,
"GBR","United Kingdom","EPRC_V3","Version 3 (2008-2013)","2013","2013","IDX","Index","0","Units",,,1.6632653,,
"GBR","United Kingdom","EPRC_V3","Version 3 (2008-2013)","2014","2014","IDX","Index","0","Units",,,1.5918368,,
"USA","United States","EPRC_V3","Version 3 (2008-2013)","2008","2008","IDX","Index","0","Units",,,1.1714286,,
"USA","United States","EPRC_V3","Version 3 (2008-2013)","2009","2009","IDX","Index","0","Units",,,1.1714286,,
"USA","United States","EPRC_V3","Version 3 (2008-2013)","2010","2010","IDX","Index","0","Units",,,1.1714286,,
"USA","United States","EPRC_V3","Version 3 (2008-2013)","2011","2011","IDX","Index","0","Units",,,1.1714286,,
"USA","United States","EPRC_V3","Version 3 (2008-2013)","2012","2012","IDX","Index","0","Units",,,1.1714286,,
"USA","United States","EPRC_V3","Version 3 (2008-2013)","2013","2013","IDX","Index","0","Units",,,1.1714286,,
"ISR","Israel","EPRC_V3","Version 3 (2008-2013)","2008","2008","IDX","Index","0","Units",,,2.2159865,,
"ISR","Israel","EPRC_V3","Version 3 (2008-2013)","2009","2009","IDX","Index","0","Units",,,2.2159865,,
"ISR","Israel","EPRC_V3","Version 3 (2008-2013)","2010","2010","IDX","Index","0","Units",,,2.2159865,,
"ISR","Israel","EPRC_V3","Version 3 (2008-2013)","2011","2011","IDX","Index","0","Units",,,2.2159865,,
"ISR","Israel","EPRC_V3","Version 3 (2008-2013)","2012","2012","IDX","Index","0","Units",,,2.2159865,,
"ISR","Israel","EPRC_V3","Version 3 (2008-2013)","2013","2013","IDX","Index","0","Units",,,2.2159865,,
"BRA","Brazil","EPRC_V3","Version 3 (2008-2013)","2008","2008","IDX","Index","0","Units",,,1.2494332,,
"BRA","Brazil","EPRC_V3","Version 3 (2008-2013)","2009","2009","IDX","Index","0","Units",,,1.2494332,,
"BRA","Brazil","EPRC_V3","Version 3 (2008-2013)","2010","2010","IDX","Index","0","Units",,,1.6780046,,
"BRA","Brazil","EPRC_V3","Version 3 (2008-2013)","2011","2011","IDX","Index","0","Units",,,1.6780046,,
"BRA","Brazil","EPRC_V3","Version 3 (2008-2013)","2012","2012","IDX","Index","0","Units",,,1.7460318,,
"CHL","Chile","EPRC_V3","Version 3 (2008-2013)","2008","2008","IDX","Index","0","Units",,,1.8049887,,
"CHL","Chile","EPRC_V3","Version 3 (2008-2013)","2009","2009","IDX","Index","0","Units",,,1.8049887,,
"CHL","Chile","EPRC_V3","Version 3 (2008-2013)","2010","2010","IDX","Index","0","Units",,,1.8049887,,
"CHL","Chile","EPRC_V3","Version 3 (2008-2013)","2011","2011","IDX","Index","0","Units",,,1.8049887,,
"CHL","Chile","EPRC_V3","Version 3 (2008-2013)","2012","2012","IDX","Index","0","Units",,,1.8049887,,
"CHL","Chile","EPRC_V3","Version 3 (2008-2013)","2013","2013","IDX","Index","0","Units",,,1.8049887,,
"CHN","China","EPRC_V3","Version 3 (2008-2013)","2008","2008","IDX","Index","0","Units",,,2.8628118,,
"CHN","China","EPRC_V3","Version 3 (2008-2013)","2009","2009","IDX","Index","0","Units",,,3.0056689,,
"CHN","China","EPRC_V3","Version 3 (2008-2013)","2010","2010","IDX","Index","0","Units",,,3.0056689,,
"CHN","China","EPRC_V3","Version 3 (2008-2013)","2011","2011","IDX","Index","0","Units",,,3.0056689,,
"CHN","China","EPRC_V3","Version 3 (2008-2013)","2012","2012","IDX","Index","0","Units",,,3.0056689,,
"IDN","Indonesia","EPRC_V3","Version 3 (2008-2013)","2008","2008","IDX","Index","0","Units",,,2.946712,,
"IDN","Indonesia","EPRC_V3","Version 3 (2008-2013)","2009","2009","IDX","Index","0","Units",,,2.946712,,
"IDN","Indonesia","EPRC_V3","Version 3 (2008-2013)","2010","2010","IDX","Index","0","Units",,,2.946712,,
"IDN","Indonesia","EPRC_V3","Version 3 (2008-2013)","2011","2011","IDX","Index","0","Units",,,2.946712,,
"IDN","Indonesia","EPRC_V3","Version 3 (2008-2013)","2012","2012","IDX","Index","0","Units",,,2.946712,,
"IND","India","EPRC_V3","Version 3 (2008-2013)","2008","2008","IDX","Index","0","Units",,,2.6147959,,
"IND","India","EPRC_V3","Version 3 (2008-2013)","2009","2009","IDX","Index","0","Units",,,2.6147959,,
"IND","India","EPRC_V3","Version 3 (2008-2013)","2010","2010","IDX","Index","0","Units",,,2.6147959,,
"IND","India","EPRC_V3","Version 3 (2008-2013)","2011","2011","IDX","Index","0","Units",,,2.6147959,,
"IND","India","EPRC_V3","Version 3 (2008-2013)","2012","2012","IDX","Index","0","Units",,,2.6147959,,
"SVN","Slovenia","EPRC_V3","Version 3 (2008-2013)","2008","2008","IDX","Index","0","Units",,,2.7029479,,
"SVN","Slovenia","EPRC_V3","Version 3 (2008-2013)","2009","2009","IDX","Index","0","Units",,,2.7029479,,
"SVN","Slovenia","EPRC_V3","Version 3 (2008-2013)","2010","2010","IDX","Index","0","Units",,,2.7029479,,
"SVN","Slovenia","EPRC_V3","Version 3 (2008-2013)","2011","2011","IDX","Index","0","Units",,,2.6689343,,
"SVN","Slovenia","EPRC_V3","Version 3 (2008-2013)","2012","2012","IDX","Index","0","Units",,,2.6689343,,
"SVN","Slovenia","EPRC_V3","Version 3 (2008-2013)","2013","2013","IDX","Index","0","Units",,,2.6689343,,
"SVN","Slovenia","EPRC_V3","Version 3 (2008-2013)","2014","2014","IDX","Index","0","Units",,,2.3871882,,
"ZAF","South Africa","EPRC_V3","Version 3 (2008-2013)","2008","2008","IDX","Index","0","Units",,,2.0062358,,
"ZAF","South Africa","EPRC_V3","Version 3 (2008-2013)","2009","2009","IDX","Index","0","Units",,,2.0062358,,
"ZAF","South Africa","EPRC_V3","Version 3 (2008-2013)","2010","2010","IDX","Index","0","Units",,,2.0062358,,
"ZAF","South Africa","EPRC_V3","Version 3 (2008-2013)","2011","2011","IDX","Index","0","Units",,,2.0062358,,
"ZAF","South Africa","EPRC_V3","Version 3 (2008-2013)","2012","2012","IDX","Index","0","Units",,,2.0062358,,
"EST","Estonia","EPRC_V3","Version 3 (2008-2013)","2008","2008","IDX","Index","0","Units",,,2.3276644,,
"EST","Estonia","EPRC_V3","Version 3 (2008-2013)","2009","2009","IDX","Index","0","Units",,,2.3276644,,
"EST","Estonia","EPRC_V3","Version 3 (2008-2013)","2010","2010","IDX","Index","0","Units",,,2.0663266,,
"EST","Estonia","EPRC_V3","Version 3 (2008-2013)","2011","2011","IDX","Index","0","Units",,,2.0663266,,
"EST","Estonia","EPRC_V3","Version 3 (2008-2013)","2012","2012","IDX","Index","0","Units",,,2.0663266,,
"EST","Estonia","EPRC_V3","Version 3 (2008-2013)","2013","2013","IDX","Index","0","Units",,,2.0663266,,
"RUS","Russian Federation","EPRC_V3","Version 3 (2008-2013)","2008","2008","IDX","Index","0","Units",,,2.473923,,
"RUS","Russian Federation","EPRC_V3","Version 3 (2008-2013)","2009","2009","IDX","Index","0","Units",,,2.473923,,
"RUS","Russian Federation","EPRC_V3","Version 3 (2008-2013)","2010","2010","IDX","Index","0","Units",,,2.473923,,
"RUS","Russian Federation","EPRC_V3","Version 3 (2008-2013)","2011","2011","IDX","Index","0","Units",,,2.473923,,
"RUS","Russian Federation","EPRC_V3","Version 3 (2008-2013)","2012","2012","IDX","Index","0","Units",,,2.473923,,
"LVA","Latvia","EPRC_V3","Version 3 (2008-2013)","2012","2012","IDX","Index","0","Units",,,2.9070296,,
"LVA","Latvia","EPRC_V3","Version 3 (2008-2013)","2013","2013","IDX","Index","0","Units",,,2.9070296,,
"ARG","Argentina","EPRC_V3","Version 3 (2008-2013)","2012","2012","IDX","Index","0","Units",,,2.6196144,,
"ARG","Argentina","EPRC_V3","Version 3 (2008-2013)","2013","2013","IDX","Index","0","Units",,,2.6196144,,
"ARG","Argentina","EPRC_V3","Version 3 (2008-2013)","2014","2014","IDX","Index","0","Units",,,2.6196144,,
"SAU","Saudi Arabia","EPRC_V3","Version 3 (2008-2013)","2008","2008","IDX","Index","0","Units",,,1.1473923,,
"SAU","Saudi Arabia","EPRC_V3","Version 3 (2008-2013)","2009","2009","IDX","Index","0","Units",,,1.1473923,,
"SAU","Saudi Arabia","EPRC_V3","Version 3 (2008-2013)","2010","2010","IDX","Index","0","Units",,,1.1473923,,
"SAU","Saudi Arabia","EPRC_V3","Version 3 (2008-2013)","2011","2011","IDX","Index","0","Units",,,1.1473923,,
"SAU","Saudi Arabia","EPRC_V3","Version 3 (2008-2013)","2012","2012","IDX","Index","0","Units",,,1.1473923,,
"OECD","OECD countries","EPRC_V1","Version 1 (1985-2013)","2008","2008","IDX","Index","0","Units",,,2.167213,,
"OECD","OECD countries","EPRC_V1","Version 1 (1985-2013)","2009","2009","IDX","Index","0","Units",,,2.1628945,,
"OECD","OECD countries","EPRC_V1","Version 1 (1985-2013)","2010","2010","IDX","Index","0","Units",,,2.1473715,,
"OECD","OECD countries","EPRC_V1","Version 1 (1985-2013)","2011","2011","IDX","Index","0","Units",,,2.1249626,,
"OECD","OECD countries","EPRC_V1","Version 1 (1985-2013)","2012","2012","IDX","Index","0","Units",,,2.0827124,,
"OECD","OECD countries","EPRC_V1","Version 1 (1985-2013)","2013","2013","IDX","Index","0","Units",,,2.0446055,,
"OECD","OECD countries","EPRC_V2","Version 2 (1998-2013)","2008","2008","IDX","Index","0","Units",,,2.3733768,,
"OECD","OECD countries","EPRC_V2","Version 2 (1998-2013)","2009","2009","IDX","Index","0","Units",,,2.3702922,,
"OECD","OECD countries","EPRC_V2","Version 2 (1998-2013)","2010","2010","IDX","Index","0","Units",,,2.3686583,,
"OECD","OECD countries","EPRC_V2","Version 2 (1998-2013)","2011","2011","IDX","Index","0","Units",,,2.3526518,,
"OECD","OECD countries","EPRC_V2","Version 2 (1998-2013)","2012","2012","IDX","Index","0","Units",,,2.3193219,,
"OECD","OECD countries","EPRC_V2","Version 2 (1998-2013)","2013","2013","IDX","Index","0","Units",,,2.2894766,,
"OECD","OECD countries","EPRC_V3","Version 3 (2008-2013)","2008","2008","IDX","Index","0","Units",,,2.3597214,,
"OECD","OECD countries","EPRC_V3","Version 3 (2008-2013)","2009","2009","IDX","Index","0","Units",,,2.356987,,
"OECD","OECD countries","EPRC_V3","Version 3 (2008-2013)","2010","2010","IDX","Index","0","Units",,,2.3578041,,
"OECD","OECD countries","EPRC_V3","Version 3 (2008-2013)","2011","2011","IDX","Index","0","Units",,,2.3431981,,
"OECD","OECD countries","EPRC_V3","Version 3 (2008-2013)","2012","2012","IDX","Index","0","Units",,,2.3105683,,
"OECD","OECD countries","EPRC_V3","Version 3 (2008-2013)","2013","2013","IDX","Index","0","Units",,,2.2847497,,
"LTU","Lithuania","EPRC_V1","Version 1 (1985-2013)","2014","2014","IDX","Index","0","Units",,,2.4484127,,
"LTU","Lithuania","EPRC_V1","Version 1 (1985-2013)","2015","2015","IDX","Index","0","Units",,,2.4484127,,
"LTU","Lithuania","EPRC_V2","Version 2 (1998-2013)","2014","2014","IDX","Index","0","Units",,,2.5702949,,
"LTU","Lithuania","EPRC_V2","Version 2 (1998-2013)","2015","2015","IDX","Index","0","Units",,,2.5702949,,
"LTU","Lithuania","EPRC_V3","Version 3 (2008-2013)","2014","2014","IDX","Index","0","Units",,,2.4155328,,
"LTU","Lithuania","EPRC_V3","Version 3 (2008-2013)","2015","2015","IDX","Index","0","Units",,,2.4155328,,
"HRV","Croatia","EPRC_V1","Version 1 (1985-2013)","2015","2015","IDX","Index","0","Units",,,2.484127,,
"HRV","Croatia","EPRC_V2","Version 2 (1998-2013)","2015","2015","IDX","Index","0","Units",,,2.4172337,,
"HRV","Croatia","EPRC_V3","Version 3 (2008-2013)","2015","2015","IDX","Index","0","Units",,,2.2981858,,
"MKD","FYR of Macedonia","EPRC_V1","Version 1 (1985-2013)","2015","2015","IDX","Index","0","Units",,,2.1428571,,
"MKD","FYR of Macedonia","EPRC_V2","Version 2 (1998-2013)","2015","2015","IDX","Index","0","Units",,,2.4591837,,
"MKD","FYR of Macedonia","EPRC_V3","Version 3 (2008-2013)","2015","2015","IDX","Index","0","Units",,,2.2925169,,
"COL","Colombia","EPRC_V1","Version 1 (1985-2013)","2014","2014","IDX","Index","0","Units",,,1.3730159,,
"COL","Colombia","EPRC_V2","Version 2 (1998-2013)","2014","2014","IDX","Index","0","Units",,,2.1235828,,
"COL","Colombia","EPRC_V3","Version 3 (2008-2013)","2014","2014","IDX","Index","0","Units",,,2.3378685,,
"CRI","Costa Rica","EPRC_V1","Version 1 (1985-2013)","2014","2014","IDX","Index","0","Units",,,1.4325397,,
"CRI","Costa Rica","EPRC_V2","Version 2 (1998-2013)","2014","2014","IDX","Index","0","Units",,,1.0232426,,
"CRI","Costa Rica","EPRC_V3","Version 3 (2008-2013)","2014","2014","IDX","Index","0","Units",,,1.2018141,,
"ALB","Albania","EPRC_V1","Version 1 (1985-2013)","2015","2015","IDX","Index","0","Units",,,2.1428571,,
"ALB","Albania","EPRC_V2","Version 2 (1998-2013)","2015","2015","IDX","Index","0","Units",,,2.4234693,,
"ALB","Albania","EPRC_V3","Version 3 (2008-2013)","2015","2015","IDX","Index","0","Units",,,2.4948981,,
"BHS","Bahamas","EPRC_V1","Version 1 (1985-2013)","2014","2014","IDX","Index","0","Units",,,1.9365079,,
"BHS","Bahamas","EPRC_V2","Version 2 (1998-2013)","2014","2014","IDX","Index","0","Units",,,1.38322,,
"BHS","Bahamas","EPRC_V3","Version 3 (2008-2013)","2014","2014","IDX","Index","0","Units",,,1.5022676,,
"BIH","Bosnia and Herzegovina","EPRC_V1","Version 1 (1985-2013)","2015","2015","IDX","Index","0","Units",,,2.5238094,,
"BIH","Bosnia and Herzegovina","EPRC_V2","Version 2 (1998-2013)","2015","2015","IDX","Index","0","Units",,,2.5348639,,
"BIH","Bosnia and Herzegovina","EPRC_V3","Version 3 (2008-2013)","2015","2015","IDX","Index","0","Units",,,2.5824828,,
"BOL","Bolivia","EPRC_V1","Version 1 (1985-2013)","2014","2014","IDX","Index","0","Units",,,2.6428571,,
"BOL","Bolivia","EPRC_V2","Version 2 (1998-2013)","2014","2014","IDX","Index","0","Units",,,1.887755,,
"BOL","Bolivia","EPRC_V3","Version 3 (2008-2013)","2014","2014","IDX","Index","0","Units",,,1.935374,,
"BRB","Barbados","EPRC_V1","Version 1 (1985-2013)","2014","2014","IDX","Index","0","Units",,,1.3928572,,
"BRB","Barbados","EPRC_V2","Version 2 (1998-2013)","2014","2014","IDX","Index","0","Units",,,1.7091837,,
"BRB","Barbados","EPRC_V3","Version 3 (2008-2013)","2014","2014","IDX","Index","0","Units",,,1.7210884,,
"DOM","Dominican Republic","EPRC_V1","Version 1 (1985-2013)","2014","2014","IDX","Index","0","Units",,,1.9087301,,
"DOM","Dominican Republic","EPRC_V2","Version 2 (1998-2013)","2014","2014","IDX","Index","0","Units",,,1.3633786,,
"DOM","Dominican Republic","EPRC_V3","Version 3 (2008-2013)","2014","2014","IDX","Index","0","Units",,,1.399093,,
"ECU","Ecuador","EPRC_V1","Version 1 (1985-2013)","2014","2014","IDX","Index","0","Units",,,1.7619047,,
"ECU","Ecuador","EPRC_V2","Version 2 (1998-2013)","2014","2014","IDX","Index","0","Units",,,1.5442177,,
"ECU","Ecuador","EPRC_V3","Version 3 (2008-2013)","2014","2014","IDX","Index","0","Units",,,1.7823129,,
"SLV","El Salvador","EPRC_V1","Version 1 (1985-2013)","2014","2014","IDX","Index","0","Units",,,1.6785715,,
"SLV","El Salvador","EPRC_V2","Version 2 (1998-2013)","2014","2014","IDX","Index","0","Units",,,1.1989796,,
"SLV","El Salvador","EPRC_V3","Version 3 (2008-2013)","2014","2014","IDX","Index","0","Units",,,1.2108843,,
"GTM","Guatemala","EPRC_V1","Version 1 (1985-2013)","2014","2014","IDX","Index","0","Units",,,1.4722222,,
"GTM","Guatemala","EPRC_V2","Version 2 (1998-2013)","2014","2014","IDX","Index","0","Units",,,1.0515873,,
"GTM","Guatemala","EPRC_V3","Version 3 (2008-2013)","2014","2014","IDX","Index","0","Units",,,1.0158731,,
"HND","Honduras","EPRC_V1","Version 1 (1985-2013)","2014","2014","IDX","Index","0","Units",,,2.25,,
"HND","Honduras","EPRC_V2","Version 2 (1998-2013)","2014","2014","IDX","Index","0","Units",,,2.5714285,,
"HND","Honduras","EPRC_V3","Version 3 (2008-2013)","2014","2014","IDX","Index","0","Units",,,2.4404762,,
"JAM","Jamaica","EPRC_V1","Version 1 (1985-2013)","2014","2014","IDX","Index","0","Units",,,1.5753968,,
"JAM","Jamaica","EPRC_V2","Version 2 (1998-2013)","2014","2014","IDX","Index","0","Units",,,1.5181406,,
"JAM","Jamaica","EPRC_V3","Version 3 (2008-2013)","2014","2014","IDX","Index","0","Units",,,1.5538549,,
"XKX","Kosovo","EPRC_V1","Version 1 (1985-2013)","2011","2011","IDX","Index","0","Units",,,1.6666666,,
"XKX","Kosovo","EPRC_V1","Version 1 (1985-2013)","2012","2012","IDX","Index","0","Units",,,1.6666666,,
"XKX","Kosovo","EPRC_V1","Version 1 (1985-2013)","2013","2013","IDX","Index","0","Units",,,1.6666666,,
"XKX","Kosovo","EPRC_V1","Version 1 (1985-2013)","2014","2014","IDX","Index","0","Units",,,1.6666666,,
"XKX","Kosovo","EPRC_V2","Version 2 (1998-2013)","2011","2011","IDX","Index","0","Units",,,2.0833333,,
"XKX","Kosovo","EPRC_V2","Version 2 (1998-2013)","2012","2012","IDX","Index","0","Units",,,2.0833333,,
"XKX","Kosovo","EPRC_V2","Version 2 (1998-2013)","2013","2013","IDX","Index","0","Units",,,2.0833333,,
"XKX","Kosovo","EPRC_V2","Version 2 (1998-2013)","2014","2014","IDX","Index","0","Units",,,2.0833333,,
"XKX","Kosovo","EPRC_V3","Version 3 (2008-2013)","2011","2011","IDX","Index","0","Units",,,2.0833333,,
"XKX","Kosovo","EPRC_V3","Version 3 (2008-2013)","2012","2012","IDX","Index","0","Units",,,2.0833333,,
"XKX","Kosovo","EPRC_V3","Version 3 (2008-2013)","2013","2013","IDX","Index","0","Units",,,2.0833333,,
"XKX","Kosovo","EPRC_V3","Version 3 (2008-2013)","2014","2014","IDX","Index","0","Units",,,2.0833333,,
"MNE","Montenegro","EPRC_V1","Version 1 (1985-2013)","2013","2013","IDX","Index","0","Units",,,2.7777777,,
"MNE","Montenegro","EPRC_V2","Version 2 (1998-2013)","2013","2013","IDX","Index","0","Units",,,3.0198412,,
"MNE","Montenegro","EPRC_V3","Version 3 (2008-2013)","2013","2013","IDX","Index","0","Units",,,2.8769841,,
"MYS","Malaysia","EPRC_V1","Version 1 (1985-2013)","2013","2013","IDX","Index","0","Units",,,2.8412697,,
"MYS","Malaysia","EPRC_V2","Version 2 (1998-2013)","2013","2013","IDX","Index","0","Units",,,2.0294783,,
"MYS","Malaysia","EPRC_V3","Version 3 (2008-2013)","2013","2013","IDX","Index","0","Units",,,1.9342403,,
"NIC","Nicaragua","EPRC_V1","Version 1 (1985-2013)","2014","2014","IDX","Index","0","Units",,,1.2380953,,
"NIC","Nicaragua","EPRC_V2","Version 2 (1998-2013)","2014","2014","IDX","Index","0","Units",,,1.3843538,,
"NIC","Nicaragua","EPRC_V3","Version 3 (2008-2013)","2014","2014","IDX","Index","0","Units",,,1.4795918,,
"PAN","Panama","EPRC_V1","Version 1 (1985-2013)","2014","2014","IDX","Index","0","Units",,,2.3452382,,
"PAN","Panama","EPRC_V2","Version 2 (1998-2013)","2014","2014","IDX","Index","0","Units",,,1.6751702,,
"PAN","Panama","EPRC_V3","Version 3 (2008-2013)","2014","2014","IDX","Index","0","Units",,,1.7346939,,
"PRY","Paraguay","EPRC_V1","Version 1 (1985-2013)","2014","2014","IDX","Index","0","Units",,,1.9880953,,
"PRY","Paraguay","EPRC_V2","Version 2 (1998-2013)","2014","2014","IDX","Index","0","Units",,,1.8129252,,
"PRY","Paraguay","EPRC_V3","Version 3 (2008-2013)","2014","2014","IDX","Index","0","Units",,,1.7534014,,
"PER","Peru","EPRC_V1","Version 1 (1985-2013)","2014","2014","IDX","Index","0","Units",,,1.75,,
"PER","Peru","EPRC_V2","Version 2 (1998-2013)","2014","2014","IDX","Index","0","Units",,,2.3214285,,
"PER","Peru","EPRC_V3","Version 3 (2008-2013)","2014","2014","IDX","Index","0","Units",,,2.2142859,,
"SRB","Serbia","EPRC_V1","Version 1 (1985-2013)","2015","2015","IDX","Index","0","Units",,,1.7023809,,
"SRB","Serbia","EPRC_V2","Version 2 (1998-2013)","2015","2015","IDX","Index","0","Units",,,2.2517006,,
"SRB","Serbia","EPRC_V3","Version 3 (2008-2013)","2015","2015","IDX","Index","0","Units",,,2.2278912,,
"THA","Thailand","EPRC_V1","Version 1 (1985-2013)","2011","2011","IDX","Index","0","Units",,,2.920635,,
"THA","Thailand","EPRC_V1","Version 1 (1985-2013)","2012","2012","IDX","Index","0","Units",,,2.920635,,
"THA","Thailand","EPRC_V1","Version 1 (1985-2013)","2013","2013","IDX","Index","0","Units",,,2.920635,,
"THA","Thailand","EPRC_V1","Version 1 (1985-2013)","2014","2014","IDX","Index","0","Units",,,2.920635,,
"THA","Thailand","EPRC_V2","Version 2 (1998-2013)","2011","2011","IDX","Index","0","Units",,,2.0861678,,
"THA","Thailand","EPRC_V2","Version 2 (1998-2013)","2012","2012","IDX","Index","0","Units",,,2.0861678,,
"THA","Thailand","EPRC_V2","Version 2 (1998-2013)","2013","2013","IDX","Index","0","Units",,,2.0861678,,
"THA","Thailand","EPRC_V2","Version 2 (1998-2013)","2014","2014","IDX","Index","0","Units",,,2.0861678,,
"THA","Thailand","EPRC_V3","Version 3 (2008-2013)","2011","2011","IDX","Index","0","Units",,,2.1655328,,
"THA","Thailand","EPRC_V3","Version 3 (2008-2013)","2012","2012","IDX","Index","0","Units",,,2.1655328,,
"THA","Thailand","EPRC_V3","Version 3 (2008-2013)","2013","2013","IDX","Index","0","Units",,,2.1655328,,
"THA","Thailand","EPRC_V3","Version 3 (2008-2013)","2014","2014","IDX","Index","0","Units",,,2.1655328,,
"TUN","Tunisia","EPRC_V1","Version 1 (1985-2013)","2013","2013","IDX","Index","0","Units",,,2.5436509,,
"TUN","Tunisia","EPRC_V2","Version 2 (1998-2013)","2013","2013","IDX","Index","0","Units",,,1.8168935,,
"TUN","Tunisia","EPRC_V3","Version 3 (2008-2013)","2013","2013","IDX","Index","0","Units",,,1.9478457,,
"URY","Uruguay","EPRC_V1","Version 1 (1985-2013)","2014","2014","IDX","Index","0","Units",,,1.718254,,
"URY","Uruguay","EPRC_V2","Version 2 (1998-2013)","2014","2014","IDX","Index","0","Units",,,1.8344672,,
"URY","Uruguay","EPRC_V3","Version 3 (2008-2013)","2014","2014","IDX","Index","0","Units",,,1.9892291,,
"VEN","Venezuela","EPRC_V1","Version 1 (1985-2013)","2014","2014","IDX","Index","0","Units",,,3.5,,
"VEN","Venezuela","EPRC_V2","Version 2 (1998-2013)","2014","2014","IDX","Index","0","Units",,,3.5,,
"VEN","Venezuela","EPRC_V3","Version 3 (2008-2013)","2014","2014","IDX","Index","0","Units",,,3.5,,
"KAZ","Kazakhstan","EPRC_V1","Version 1 (1985-2013)","2014","2014","IDX","Index","0","Units",,,3.32142853736877,,
"KAZ","Kazakhstan","EPRC_V1","Version 1 (1985-2013)","2015","2015","IDX","Index","0","Units",,,3.32142853736877,,
"KAZ","Kazakhstan","EPRC_V2","Version 2 (1998-2013)","2014","2014","IDX","Index","0","Units",,,2.37244892120361,,
"KAZ","Kazakhstan","EPRC_V2","Version 2 (1998-2013)","2015","2015","IDX","Index","0","Units",,,2.37244892120361,,
"KAZ","Kazakhstan","EPRC_V3","Version 3 (2008-2013)","2014","2014","IDX","Index","0","Units",,,2.28911566734313,,
"KAZ","Kazakhstan","EPRC_V3","Version 3 (2008-2013)","2015","2015","IDX","Index","0","Units",,,2.28911566734313,,
